,index,areaWithType,square_feet,transaction,status,furnishing,facing,price_per_sqft,price,current_floor,total_floor,BHK,area
0,0,1,644,1,Poss. by Oct '24,1,4,2891,1861804,5.0,10,2,Dindoli
1,1,2,1278,1,Poss. by Jan '26,1,8,3551,4538178,6.0,14,2,Althan
2,2,2,1173,2,Ready to Move,2,3,3800,4457400,5.0,13,2,Pal
3,3,1,700,1,Ready to Move,1,3,3966,2776200,6.0,14,2,Jahangirabad
4,9,1,720,1,Poss. by Dec '25,1,3,3200,2304000,3.0,14,2,Palanpur
5,10,1,748,1,Poss. by Dec '25,1,3,3235,2419780,6.0,13,2,Jahangirabad
6,11,1,480,2,Ready to Move,1,3,2315,1111200,1.0,1,1,in
7,12,1,1650,2,Ready to Move,1,3,3125,5156250,7.0,10,2,NavYug
8,13,2,847,2,Ready to Move,3,3,5903,4999841,1.0,13,2,Adajan
9,14,2,1511,1,Poss. by Feb '26,1,5,2368,3578048,5.0,13,3,Dindoli
10,18,1,1000,1,Ready to Move,3,3,3185,3185000,3.0,5,3,Mota
11,19,1,731,2,Ready to Move,1,3,2736,2000016,2.0,5,1,Ramnagar
12,21,1,950,2,Ready to Move,1,4,2829,2687550,5.0,5,2,in
13,23,1,432,1,Ready to Move,1,4,3009,1299888,,1,1,in
14,25,1,910,2,Ready to Move,1,3,2857,2599870,1.0,5,3,Jahangirabad
15,27,2,1250,1,Ready to Move,1,8,3325,4156250,7.0,14,2,Palanpur
16,29,2,1105,2,Ready to Move,1,8,3842,4245410,9.0,14,2,Shivalik
17,30,2,1305,1,Poss. by Dec '26,1,3,3678,4799790,5.0,12,2,Althan
18,31,2,1290,2,Ready to Move,3,3,3488,4499520,5.0,13,2,Palanpur
19,32,2,975,1,Poss. by Apr '25,1,7,3282,3199950,6.0,13,2,Bamroli
20,33,2,1250,1,Ready to Move,1,3,2800,3500000,7.0,14,2,Jahangirabad
21,34,1,725,1,Poss. by Jan '25,1,8,3500,2537500,7.0,14,2,Godadara
22,35,2,1558,2,Ready to Move,1,5,3017,4700486,1.0,5,3,Palanpur
23,36,1,727,1,Ready to Move,1,3,3075,2235525,7.0,13,2,Jahangirabad
24,42,2,1326,2,Ready to Move,1,3,3771,5000346,9.0,14,2,Palanpur
25,44,2,1178,2,Ready to Move,1,3,3099,3650622,10.0,14,2,Jahangirabad
26,45,2,1900,2,Ready to Move,1,8,2632,5000800,7.0,14,3,Jahangir
27,49,1,680,1,Poss. by Jan '26,1,3,3747,2547960,6.0,14,2,Bamroli
28,50,1,721,2,Ready to Move,2,3,2936,2116856,3.0,5,2,Jahangirabad
29,52,1,545,2,Poss. by Dec '24,1,3,3451,1880795,13.0,14,2,Swagat
30,53,2,813,1,Poss. by Aug '25,1,3,3507,2851191,4.0,14,1,Palanpur
31,54,2,990,1,Poss. by Jul '24,1,3,2828,2799720,5.0,13,1,Palanpur
32,55,1,500,2,Ready to Move,3,3,3636,1818000,5.0,12,1,Jahangir
33,56,1,42,2,Ready to Move,1,3,1951,81942,,1,2,in
34,57,2,970,2,Ready to Move,2,3,3093,3000210,6.0,10,2,Adajan
35,59,1,750,2,Ready to Move,1,3,3304,2478000,3.0,5,2,Palanpur
36,61,2,1000,2,Ready to Move,3,3,3951,3951000,2.0,4,2,Adajan
37,62,2,813,1,Poss. by Feb '25,1,3,3567,2899971,7.0,14,1,Bhesan
38,63,2,550,2,Ready to Move,1,3,3636,1999800,5.0,5,1,Katar
39,69,2,1267,2,Ready to Move,3,6,3946,4999582,2.0,4,2,in
40,73,1,432,1,Ready to Move,1,3,2315,1000080,,1,1,in
41,76,1,441,2,Ready to Move,1,2,3509,1547469,3.0,5,1,Palanpur
42,83,1,605,2,Ready to Move,1,3,2686,1625030,2.0,5,1,Ram
43,93,2,1193,2,Ready to Move,2,3,3269,3899917,4.0,10,2,Nana
44,99,1,1446,2,Ready to Move,2,5,4006,5792676,4.0,4,2,L
45,100,1,950,2,Ready to Move,2,5,3043,2890850,2.0,4,2,Honey
46,102,1,750,2,Ready to Move,2,3,3333,2499750,5.0,6,2,503RIDDHI
47,104,2,1100,2,Ready to Move,1,3,3455,3800500,3.0,5,2,Rander
48,107,1,734,2,Ready to Move,3,3,2749,2017766,2.0,5,2,in
49,110,2,550,2,Ready to Move,2,5,2318,1274900,4.0,4,1,Udhna
50,112,1,800,2,Ready to Move,2,3,2500,2000000,1.0,4,2,vraj
51,119,1,945,2,Ready to Move,1,2,2787,2633715,4.0,4,2,Rustampura
52,122,1,1200,2,Ready to Move,1,4,2160,2592000,,3,3,in
53,123,2,1200,2,Ready to Move,1,3,2917,3500400,3.0,5,2,in
54,126,1,580,2,Ready to Move,3,3,2436,1412880,1.0,5,2,Amroli
55,129,2,861,2,Ready to Move,1,3,1220,1050420,4.0,4,2,in
56,139,2,1170,1,Ready to Move,1,8,3248,3800160,4.0,4,2,in
57,168,2,1200,2,Ready to Move,1,3,3917,4700400,2.0,7,2,Umra
58,178,1,3,2,Ready to Move,1,3,3429,10287,2.0,7,1,suman
59,200,2,1200,2,Ready to Move,1,1,3750,4500000,4.0,8,2,Palanpur
60,206,1,660,2,Ready to Move,3,3,3932,2595120,4.0,5,2,Rajhans
61,211,2,990,2,Ready to Move,1,1,3838,3799620,1.0,6,2,Varachha
62,212,2,1161,2,Ready to Move,2,3,4005,4649805,1.0,1,2,Surat
63,217,1,1000,2,Ready to Move,1,8,3529,3529000,3.0,5,2,Pal
64,221,2,1252,2,Ready to Move,1,3,3594,4499688,5.0,14,2,Swagat
65,223,2,1000,2,Ready to Move,3,3,2500,2500000,3.0,5,2,in
66,225,2,504,2,Ready to Move,1,4,3968,1999872,,1,1,in
67,227,1,800,2,Ready to Move,3,3,4167,3333600,5.0,7,2,Piplod
68,229,2,1050,2,Ready to Move,1,3,3714,3899700,8.0,12,2,Sangini
69,231,2,671,2,Ready to Move,2,3,2683,1800293,2.0,5,1,Vadod
70,232,2,1360,2,Ready to Move,2,3,2647,3599920,2.0,2,4,Udhna
71,233,2,1241,1,Poss. by Jul '24,1,3,3626,4499866,7.0,12,2,Althan
72,236,2,1384,1,Ready to Move,1,3,3505,4850920,7.0,13,3,Penttagon
73,237,1,546,2,Ready to Move,2,3,2597,1417962,2.0,5,1,Regent
74,242,1,532,1,Ready to Move,2,3,6203,3299996,,1,3,in
75,246,1,980,2,Ready to Move,3,3,3281,3215380,1.0,12,2,Palanpur
76,248,2,650,2,Ready to Move,1,3,3385,2200250,3.0,4,1,in
77,251,2,630,2,Ready to Move,1,3,3333,2099790,1.0,4,1,103
78,252,2,1127,2,Ready to Move,1,3,4259,4799893,16.0,19,2,Shiv
79,253,2,1312,2,Ready to Move,1,1,3800,4985600,2.0,5,2,Mota
80,261,1,1265,2,Ready to Move,1,3,3162,3999930,13.0,13,2,JT
81,273,1,880,1,Ready to Move,2,4,2564,2256320,1.0,5,2,Vraj
82,276,1,580,2,Ready to Move,1,8,4569,2650020,9.0,11,1,Akash
83,278,1,750,2,Ready to Move,2,5,2722,2041500,1.0,4,2,Swapna
84,281,1,1326,2,Ready to Move,2,3,3333,4419558,3.0,9,2,Mahavir
85,282,2,1250,2,Ready to Move,2,3,3280,4100000,11.0,12,2,Stuti
86,283,2,1235,2,Ready to Move,1,8,3239,4000165,1.0,2,2,in
87,284,2,970,2,Ready to Move,3,3,3918,3800460,3.0,5,2,Parishram
88,287,1,650,2,Ready to Move,3,8,3814,2479100,9.0,13,2,Ramaa
89,290,2,1000,2,Ready to Move,1,6,3500,3500000,5.0,5,2,Kailash
90,292,1,1058,2,Ready to Move,3,2,3214,3400412,1.0,7,2,Vaishnodevi
91,293,2,1203,2,Ready to Move,1,3,3832,4609896,6.0,12,2,Nakshatra
92,295,1,575,2,Ready to Move,2,3,2667,1533525,3.0,10,1,Jivandeep
93,296,2,1200,2,Ready to Move,1,3,3750,4500000,7.0,14,2,Siddhi
94,297,1,1050,2,Ready to Move,3,3,3477,3650850,2.0,12,2,Vaidehi
95,298,1,1450,2,Ready to Move,1,3,2118,3071100,,1,2,in
96,302,1,695,2,Ready to Move,3,7,3022,2100290,3.0,4,1,Angan
97,304,2,630,2,Ready to Move,1,3,2381,1500030,4.0,5,1,Ambika
98,307,2,1190,2,Ready to Move,3,3,3613,4299470,11.0,11,1,Echo
99,321,1,855,2,Ready to Move,2,4,2527,2160585,3.0,4,2,Samruddhi
100,322,2,1075,2,Ready to Move,2,3,2512,2700400,6.0,10,2,Siddhi
101,327,1,800,2,Ready to Move,3,1,4091,3272800,8.0,13,2,Sumeru
102,330,1,36,2,Ready to Move,1,5,3889,140004,2.0,13,1,214
103,334,2,900,2,Ready to Move,1,5,3222,2899800,1.0,1,2,in
104,349,2,1180,2,Ready to Move,3,7,4237,4999660,5.0,8,2,Kailash
105,356,2,1120,2,Ready to Move,3,3,3260,3651200,3.0,7,2,Nilkanth
106,363,1,550,2,Ready to Move,1,3,2638,1450900,4.0,5,1,Ambika
107,370,1,800,2,Ready to Move,1,3,3333,2666400,4.0,5,2,Parishram
108,372,1,400,2,Ready to Move,1,3,2750,1100000,7.0,7,1,star
109,376,2,1187,1,Ready to Move,2,6,2485,2949695,4.0,5,2,Jahangir
110,387,1,670,2,Ready to Move,1,3,3667,2456890,10.0,10,2,Samarth
111,388,1,680,2,Ready to Move,1,3,2400,1632000,2.0,3,1,Kadodar
112,396,1,578,2,Ready to Move,2,5,8636,4991608,,2,2,in
113,409,1,12,2,Ready to Move,3,2,76389,916668,,2,2,Gruham
114,419,2,950,2,Ready to Move,2,1,3158,3000100,3.0,6,2,Bhumi
115,423,1,750,1,Ready to Move,2,3,2435,1826250,2.0,5,2,Samruddhi
116,427,2,1141,2,Ready to Move,1,3,3418,3899938,2.0,3,3,Adajan
117,431,1,650,2,Ready to Move,1,1,3364,2186600,7.0,7,2,Punagam
118,433,1,680,2,Ready to Move,3,3,4500,3060000,6.0,14,2,in
119,441,2,1175,2,Ready to Move,1,6,3234,3799950,3.0,5,2,Rajhans
120,450,2,1155,2,Ready to Move,1,4,3500,4042500,6.0,13,2,Shagun
121,454,1,600,2,Ready to Move,2,7,3611,2166600,8.0,12,2,Ambica
122,473,1,700,2,Ready to Move,1,3,3684,2578800,4.0,5,2,Jay
123,480,2,1250,1,Ready to Move,1,5,2600,3250000,,2,3,in
124,490,2,1600,2,Ready to Move,3,1,2812,4499200,3.0,3,3,Lajpur
125,491,1,500,1,Ready to Move,1,1,2373,1186500,5.0,5,2,in
126,499,2,520,2,Ready to Move,2,3,5962,3100240,,2,2,in
127,503,1,700,1,Ready to Move,3,3,3512,2458400,4.0,5,2,Amroli
128,505,1,786,2,Ready to Move,3,2,3562,2799732,6.0,11,1,Kailash
129,507,1,713,2,Ready to Move,1,5,3498,2494074,4.0,15,2,Swagat
130,516,2,1350,2,Ready to Move,1,1,2815,3800250,1.0,2,2,in
131,523,2,1180,2,Ready to Move,1,3,2415,2849700,5.0,5,2,Jahangir
132,527,2,1235,2,Ready to Move,2,3,4049,5000515,,1,5,in
133,528,1,385,2,Ready to Move,1,3,3556,1369060,8.0,8,1,Suman
134,540,1,575,2,Ready to Move,2,6,3833,2203975,3.0,4,1,Subhash
135,541,1,1276,2,Ready to Move,1,4,2978,3799928,10.0,13,2,JT
136,546,1,675,2,Ready to Move,2,7,2817,1901475,,4,2,Aksharkunj
137,555,2,1100,2,Ready to Move,3,3,3364,3700400,6.0,7,2,Silver
138,556,2,975,2,Ready to Move,2,3,2871,2799225,7.0,9,2,Sankheswar
139,561,1,1250,2,Ready to Move,2,3,125000,156250000,,2,1,in
140,562,1,650,2,Ready to Move,1,1,2624,1705600,4.0,8,2,Radhakishan
141,564,1,1080,2,Ready to Move,1,1,3796,4099680,1.0,2,2,in
142,569,2,1256,2,Ready to Move,3,3,3165,3975240,13.0,13,2,JT
143,571,1,800,2,Ready to Move,1,4,4000,3200000,2.0,4,2,Thakordwar
144,575,1,90,2,Ready to Move,1,3,16667,1500030,1.0,1,1,Bhagal
145,582,1,623,2,Ready to Move,1,3,3981,2480163,5.0,5,1,Khadsad
146,587,1,1000,2,Ready to Move,2,3,2250,2250000,5.0,5,1,Hari
147,602,2,1175,2,Ready to Move,3,3,3404,3999700,2.0,7,2,Kailash
148,604,2,1065,2,Ready to Move,2,1,2347,2499555,3.0,5,2,Devadh
149,621,1,1100,2,Ready to Move,1,4,2977,3274700,2.0,5,3,AG
150,632,1,680,2,Ready to Move,2,1,2671,1816280,4.0,4,2,Sardar
151,638,2,1218,2,Ready to Move,2,3,2956,3600408,5.0,5,2,Palanpur
152,640,1,480,2,Ready to Move,2,1,2853,1369440,8.0,8,1,Pal
153,645,1,1150,2,Ready to Move,1,7,2917,3354550,3.0,5,2,Radhe
154,646,1,1024,2,Ready to Move,2,3,2344,2400256,5.0,5,2,Bhakti
155,653,1,550,2,Ready to Move,1,3,2733,1503150,8.0,12,1,Aastha
156,654,1,1011,2,Ready to Move,1,2,3250,3285750,14.0,14,2,Green
157,656,1,650,2,Ready to Move,1,1,2769,1799850,2.0,4,1,Dholakiya
158,663,2,730,2,Ready to Move,1,4,3151,2300230,5.0,5,1,Omkar
159,673,1,1450,2,Ready to Move,1,3,2429,3522050,,2,4,in
160,683,2,675,2,Ready to Move,2,3,3259,2199825,2.0,10,1,Nil
161,698,2,1020,2,Ready to Move,1,3,3285,3350700,2.0,4,2,"Shivalik,"
162,699,1,900,1,Ready to Move,1,3,5111,4599900,1.0,1,3,in
163,702,2,1175,2,Ready to Move,1,3,3234,3799950,3.0,5,2,Jahangir
164,706,1,775,2,Ready to Move,1,3,3759,2913225,3.0,4,2,Neelkanth
165,709,1,592,2,Ready to Move,1,4,7601,4499792,1.0,1,2,in
166,710,1,1100,2,Ready to Move,1,3,3205,3525500,11.0,12,2,Stuti
167,714,2,460,2,Ready to Move,1,3,3087,1420020,1.0,4,1,in
168,723,1,900,2,Ready to Move,2,3,2637,2373300,5.0,5,2,Amroli
169,747,2,550,2,Ready to Move,1,8,2545,1399750,3.0,4,1,Adajan
170,749,2,1209,2,Ready to Move,1,5,3739,4520451,8.0,13,2,Happy
171,755,2,616,2,Ready to Move,1,4,3247,2000152,1.0,4,1,Adajan
172,759,1,1200,2,Ready to Move,3,4,3750,4500000,6.0,11,2,Suryarath
173,762,1,300,2,Ready to Move,2,2,2600,780000,3.0,4,1,Tapi
174,769,1,650,2,Ready to Move,1,1,3545,2304250,7.0,7,2,ASHTVINAYAK
175,775,2,750,2,Ready to Move,1,3,3000,2250000,7.0,10,1,Rander
176,777,1,700,2,Ready to Move,1,8,2778,1944600,4.0,4,2,Society
177,794,1,750,2,Ready to Move,3,3,3182,2386500,4.0,4,2,Salabatura
178,797,1,750,2,Ready to Move,1,3,3889,2916750,7.0,10,2,Ravi
179,811,1,449,2,Ready to Move,2,2,3582,1608318,3.0,5,1,Sai
180,815,1,475,1,Ready to Move,1,3,4159,1975525,,1,1,in
181,819,1,500,2,Ready to Move,1,5,2667,1333500,,4,2,Akshar
182,826,1,850,2,Ready to Move,2,2,3361,2856850,5.0,5,2,Utran
183,827,2,1236,1,Ready to Move,1,3,3948,4879728,5.0,13,2,Shrungal
184,836,2,1200,2,Ready to Move,2,3,3500,4200000,4.0,5,2,Swayam
185,840,2,1013,2,Ready to Move,2,3,2566,2599358,5.0,5,2,Nest
186,841,1,1600,2,Ready to Move,1,2,5181,8289600,1.0,2,3,in
187,844,1,1066,2,Ready to Move,1,3,3752,3999632,9.0,10,2,Bhatar
188,851,2,740,2,Ready to Move,2,1,2973,2200020,4.0,5,1,Nova
189,858,2,750,2,Ready to Move,1,3,3733,2799750,3.0,5,1,Rameshwaram
190,861,2,1150,2,Ready to Move,1,3,3304,3799600,5.0,5,2,Raj
191,865,1,970,2,Ready to Move,1,4,2667,2586990,4.0,10,2,Anand
192,873,2,1300,2,Ready to Move,1,2,3077,4000100,1.0,4,3,Amroli
193,882,1,850,2,Ready to Move,1,3,2731,2321350,3.0,5,2,Swapna
194,888,1,1000,2,Ready to Move,2,3,2667,2667000,3.0,3,2,in
195,899,1,530,2,Ready to Move,1,5,2714,1438420,1.0,3,1,indrajit
196,906,2,432,1,Ready to Move,1,2,3009,1299888,,1,1,in
197,908,2,570,2,Ready to Move,1,3,4423,2521110,4.0,4,2,Katar
198,909,2,1355,2,Ready to Move,1,2,3100,4200500,5.0,7,3,Pragati
199,914,2,1084,2,Ready to Move,2,6,3090,3349560,5.0,5,2,Adajan
200,927,1,1173,2,Ready to Move,1,3,4007,4700211,14.0,14,2,Santvan
201,928,2,1228,2,Ready to Move,2,3,2850,3499800,2.0,5,2,Shagun
202,930,1,485,2,Ready to Move,1,1,3333,1616505,11.0,13,2,Jahangir
203,936,1,1147,2,Ready to Move,3,3,3333,3822951,4.0,8,2,Adajan
204,937,2,1405,2,Ready to Move,3,6,3203,4500215,4.0,4,2,Adajan
205,943,1,715,2,Ready to Move,2,3,2797,1999855,1.0,9,1,Athwa
206,945,2,580,2,Ready to Move,2,5,2759,1600220,8.0,8,1,Dabholi
207,947,1,650,2,Ready to Move,2,4,4000,2600000,3.0,4,2,Piplod
208,959,1,500,2,Ready to Move,1,4,2500,1250000,3.0,4,2,Katargam
209,966,2,1300,2,Ready to Move,2,3,3462,4500600,3.0,5,2,Pal
210,976,2,900,2,Ready to Move,1,4,1167,1050300,,1,2,in
211,980,1,625,1,Ready to Move,2,3,2857,1785625,3.0,3,1,Nanpura
212,981,1,900,1,Ready to Move,2,3,2909,2618100,,13,3,Muktanand
213,982,1,635,2,Ready to Move,3,5,2834,1799590,1.0,5,2,Pasodara
214,983,2,600,2,Ready to Move,3,7,3000,1800000,3.0,8,1,Parvat
215,985,2,960,2,Ready to Move,1,3,2708,2599680,4.0,4,2,Adajan
216,986,1,1050,2,Ready to Move,3,3,4234,4445700,8.0,9,2,Godadara
217,987,1,315,1,Ready to Move,1,3,11111,3499965,,1,3,in
218,988,1,900,2,Ready to Move,1,2,2273,2045700,1.0,2,2,in
219,990,2,555,2,Ready to Move,1,5,1532,850260,3.0,4,1,in
220,993,2,400,2,Ready to Move,3,3,2500,1000000,9.0,9,1,Nanpura
221,1013,1,486,2,Ready to Move,1,3,2533,1231038,8.0,14,2,Jahangirabad
222,1144,1,760,1,Poss. by Oct '24,1,4,2878,2187280,8.0,10,3,Dindoli
223,1146,2,1280,1,Poss. by Jan '26,1,3,3411,4366080,7.0,14,2,Anand
224,1147,1,700,1,Poss. by Jun '24,1,3,3739,2617300,6.0,14,2,Jahangir
225,1148,2,1185,1,Ready to Move,1,3,3784,4484040,5.0,14,2,Orchid
226,1150,2,1735,2,Poss. by May '26,1,3,2854,4951690,7.0,14,3,Godadara
227,1153,1,424,1,Poss. by Dec '25,1,3,3507,1486968,5.0,14,1,Palanpur
228,1154,1,734,1,Poss. by Dec '26,1,3,3371,2474314,6.0,12,2,Jahangirabad
229,1155,2,810,1,Poss. by Oct '24,1,5,2444,1979640,4.0,7,1,Dindoli
230,1156,2,648,1,Ready to Move,1,3,3009,1949832,,1,2,in
231,1157,1,1150,2,Ready to Move,1,3,2750,3162500,4.0,5,3,Jahangirabad
232,1159,2,1248,1,Poss. by Dec '24,1,8,4006,4999488,9.0,14,2,Althan
233,1161,2,750,2,Ready to Move,1,7,2881,2160750,1.0,5,1,Vesu
234,1162,2,1168,1,Ready to Move,1,3,3682,4300576,5.0,12,2,Althan
235,1163,2,1180,1,Ready to Move,1,3,3700,4366000,6.0,13,2,Orchid
236,1164,2,1305,1,Ready to Move,1,7,3678,4799790,5.0,14,2,Surat
237,1165,1,850,2,Ready to Move,1,3,3750,3187500,5.0,5,2,Jahangirabad
238,1166,1,688,1,Poss. by Jul '24,1,3,3600,2476800,7.0,14,2,Godadara
239,1167,2,1191,2,Ready to Move,2,5,2847,3390777,3.0,5,2,Palanpur
240,1170,2,1127,2,Poss. by Jul '24,1,3,3949,4450523,4.0,19,2,Shiv
241,1171,2,1203,2,Ready to Move,1,8,3534,4251402,10.0,13,2,Nakshatra
242,1173,1,1233,1,Ready to Move,1,3,3350,4130550,7.0,14,2,Palanpur
243,1175,1,700,1,Ready to Move,1,1,3692,2584400,9.0,14,2,Palanpur
244,1176,2,1200,2,Ready to Move,1,3,4167,5000400,3.0,5,2,Agam
245,1178,2,1205,2,Ready to Move,1,3,3900,4699500,3.0,5,2,Pal
246,1179,1,1075,2,Ready to Move,1,3,4465,4799875,5.0,5,2,Palanpur
247,1180,2,1175,2,Ready to Move,3,3,3574,4199450,2.0,12,2,Palanpur
248,1181,1,750,2,Ready to Move,2,3,3732,2799000,9.0,14,2,Palanpur
249,1182,2,1100,2,Ready to Move,1,8,2909,3199900,5.0,13,2,Pal
250,1183,2,1100,2,Ready to Move,1,2,3455,3800500,3.0,7,2,Adajan
251,1184,1,950,2,Ready to Move,3,3,2069,1965550,10.0,13,3,Jahangirabad
252,1185,1,925,2,Ready to Move,2,7,2256,2086800,3.0,4,2,in
253,1186,1,700,2,Ready to Move,2,3,3182,2227400,4.0,5,2,Vaishnodevi
254,1190,2,350,2,Ready to Move,1,3,3429,1200150,2.0,7,1,Suman
255,1191,1,600,2,Ready to Move,1,3,3542,2125200,1.0,1,3,in
256,1192,2,1100,2,Ready to Move,3,3,2636,2899600,,4,2,Udhna
257,1193,1,1050,2,Ready to Move,1,8,3502,3677100,2.0,5,2,Pal
258,1194,2,1200,2,Ready to Move,1,3,3750,4500000,4.0,7,2,Govindji
259,1195,1,800,2,Ready to Move,1,1,3250,2600000,8.0,13,3,veer
260,1196,2,1384,1,Ready to Move,1,3,3512,4860608,6.0,13,3,"Penttagon,"
261,1198,1,400,2,Ready to Move,2,8,3615,1446000,5.0,13,1,Orchid
262,1199,2,1320,2,Ready to Move,1,3,3561,4700520,6.0,13,2,Swicon
263,1205,1,1080,2,Ready to Move,1,1,3796,4099680,1.0,2,4,in
264,1209,2,675,2,Ready to Move,2,3,2963,2000025,2.0,10,1,Athwa
265,1211,2,682,2,Ready to Move,1,5,2346,1599972,2.0,5,2,Kadodara
266,1214,1,659,1,Ready to Move,1,3,2641,1740419,8.0,8,2,Dindoli
267,1215,1,642,1,Ready to Move,1,3,3895,2500590,5.0,14,2,Griva
268,1216,2,1278,1,Poss. by Jul '25,1,3,3861,4934358,6.0,14,2,Siddhi
269,1217,2,1265,1,Poss. by May '25,1,8,3411,4314915,7.0,14,2,Anand
270,1218,2,1251,1,Ready to Move,1,3,3800,4753800,5.0,14,2,Orchid
271,1220,2,1275,2,Poss. by May '26,1,3,2863,3650325,5.0,14,2,Godadara
272,1222,1,690,1,Ready to Move,1,3,3745,2584050,10.0,14,2,Palanpur
273,1224,1,660,1,Poss. by Jun '26,1,3,3083,2034780,5.0,14,2,Vanakala
274,1226,2,864,1,Ready to Move,1,4,3125,2700000,,1,3,in
275,1227,1,425,1,Ready to Move,1,3,3659,1555075,8.0,13,1,Palan
276,1229,2,1241,1,Poss. by Dec '24,1,8,3651,4530891,5.0,14,2,Althan
277,1231,2,1252,2,Ready to Move,1,7,3514,4399528,5.0,15,2,Swagat
278,1233,2,1300,2,Ready to Move,3,3,3846,4999800,5.0,13,2,Shubham
279,1234,2,1252,1,Ready to Move,1,3,3994,5000488,7.0,12,2,Swagat
280,1235,2,1205,1,Ready to Move,1,3,2851,3435455,5.0,13,2,Jahangirabad
281,1236,1,723,1,Ready to Move,1,7,3451,2495073,7.0,13,2,Shree
282,1237,2,1245,2,Ready to Move,2,5,2811,3499695,2.0,5,2,Crystal
283,1238,1,1200,2,Ready to Move,1,3,2412,2894400,,1,2,in
284,1240,2,1127,2,Poss. by Jul '24,1,3,3914,4411078,15.0,19,2,Shiv
285,1241,2,1246,2,Ready to Move,3,3,4013,5000198,5.0,13,2,Narayan
286,1243,2,1140,2,Ready to Move,1,8,3684,4199760,1.0,5,2,Pal
287,1244,1,800,2,Ready to Move,1,1,3435,2748000,5.0,12,2,Pal
288,1245,2,1360,1,Poss. by Jun '25,1,3,3309,4500240,3.0,13,2,Jahangirabad
289,1246,2,1205,2,Ready to Move,2,3,3734,4499470,4.0,5,2,Pal
290,1247,1,675,2,Ready to Move,1,3,3759,2537325,6.0,14,2,Green
291,1248,2,750,2,Ready to Move,1,3,3333,2499750,6.0,12,1,Palanpur
292,1249,1,780,2,Ready to Move,3,3,3837,2992860,6.0,10,2,Pal
293,1250,2,1051,2,Ready to Move,3,3,3996,4199796,4.0,12,2,Pal
294,1252,2,1200,1,Poss. by Mar '25,1,5,3000,3600000,8.0,14,2,Jahangir
295,1253,2,925,2,Ready to Move,1,5,2378,2199650,3.0,4,2,Minaxi
296,1257,2,1505,2,Ready to Move,1,5,3189,4799445,8.0,13,3,Green
297,1258,1,1150,2,Ready to Move,2,8,3477,3998550,3.0,5,2,Adajan
298,1259,2,735,2,Ready to Move,1,3,3743,2751105,5.0,14,1,Swicon
299,1261,2,750,2,Ready to Move,2,8,3067,2300250,5.0,13,1,Omkar
300,1264,1,688,1,Ready to Move,1,3,2700,1857600,8.0,8,2,Dindoli
301,1265,2,1215,1,Poss. by Sep '25,1,3,3991,4849065,6.0,14,2,Orchid
302,1266,2,1250,1,Ready to Move,1,3,3535,4418750,6.0,14,2,Orchid
303,1270,1,725,1,Ready to Move,1,4,3751,2719475,3.0,14,2,Palanpur
304,1271,1,852,1,Poss. by May '26,1,3,3206,2731512,5.0,14,3,Vanakala
305,1272,2,1170,1,Poss. by Jan '25,1,3,2691,3148470,4.0,11,2,Dindoli
306,1273,2,450,1,Ready to Move,1,3,2889,1300050,,1,1,in
307,1274,1,421,1,Ready to Move,1,3,3846,1619166,14.0,14,1,Jahangirabad
308,1276,2,1280,1,Poss. by Apr '26,1,8,3251,4161280,7.0,14,2,Jahangirabad
309,1279,2,1240,1,Ready to Move,1,7,3629,4499960,9.0,14,2,Swagat
310,1280,2,1050,2,Ready to Move,1,3,3143,3300150,4.0,6,2,Palanpur
311,1281,2,1155,2,Ready to Move,2,5,3290,3799950,7.0,13,2,Times
312,1285,1,865,2,Ready to Move,1,3,2646,2288790,9.0,12,2,Chanchal
313,1287,2,1127,1,Poss. by Nov '24,1,3,4000,4508000,7.0,19,2,Pal
314,1288,1,707,2,Ready to Move,1,3,3616,2556512,8.0,13,2,Jahangirabad
315,1290,2,1248,2,Ready to Move,3,3,3926,4899648,5.0,11,2,Palanpur
316,1291,1,400,2,Ready to Move,3,3,4000,1600000,7.0,13,1,Orchid
317,1293,1,1500,1,Ready to Move,1,3,2947,4420500,,2,3,in
318,1294,1,1285,2,Ready to Move,1,3,3268,4199380,10.0,10,2,Surat
319,1296,1,950,2,Ready to Move,3,3,1621,1539950,10.0,13,3,Jahangirabad
320,1298,2,1201,2,Ready to Move,1,4,3164,3799964,6.0,13,2,Green
321,1299,1,975,2,Poss. by Dec '24,1,8,3843,3746925,9.0,13,2,Shubham
322,1300,2,1127,1,Ready to Move,1,3,3683,4150741,10.0,19,2,Shiv
323,1301,1,680,1,Ready to Move,1,3,3600,2448000,4.0,14,2,Orchid
324,1302,2,750,2,Ready to Move,1,3,3333,2499750,5.0,13,1,Ramaa
325,1304,1,570,1,Ready to Move,1,3,2689,1532730,8.0,8,2,Dindoli
326,1305,2,1204,1,Poss. by Jan '26,1,3,3838,4620952,7.0,14,2,Sumerru
327,1306,2,1190,1,Ready to Move,1,3,4034,4800460,8.0,13,2,The
328,1310,1,700,1,Ready to Move,1,5,3951,2765700,4.0,13,2,Palanpur
329,1311,1,662,1,Poss. by Apr '26,1,3,3550,2350100,,14,2,Jahangirabad
330,1312,2,1381,1,Poss. by Jan '25,1,5,2691,3716271,7.0,11,3,Dindoli
331,1313,1,859,1,Poss. by Apr '26,1,3,2544,2185296,6.0,14,3,Jahangirabad
332,1315,2,1250,1,Poss. by Apr '25,1,8,3561,4451250,5.0,14,2,Althan
333,1317,2,1252,1,Ready to Move,1,8,3514,4399528,6.0,15,2,Swagat
334,1318,2,1100,1,Ready to Move,1,3,3273,3600300,6.0,13,2,Jahangirabad
335,1319,2,768,2,Ready to Move,1,5,3060,2350080,3.0,5,1,S2N
336,1324,2,685,2,Ready to Move,1,3,3351,2295435,7.0,12,1,Jahangirabad
337,1325,2,1125,2,Ready to Move,2,3,3556,4000500,3.0,5,2,Palanpur
338,1326,2,1278,1,Poss. by Aug '24,1,3,3521,4499838,8.0,13,2,Laxmi
339,1327,2,1205,2,Ready to Move,3,3,3817,4599485,7.0,13,2,Palanpur
340,1330,1,700,2,Ready to Move,3,3,3500,2450000,8.0,10,2,Palanpur
341,1331,1,550,2,Ready to Move,1,3,3167,1741850,5.0,11,2,Surat
342,1332,2,1250,2,Ready to Move,2,3,3200,4000000,6.0,10,2,Adajan
343,1333,2,1015,2,Ready to Move,1,3,3448,3499720,9.0,13,2,Green
344,1334,1,965,2,Ready to Move,2,8,3612,3485580,6.0,12,2,Nakshatra
345,1335,2,1170,2,Ready to Move,1,3,3248,3800160,2.0,5,2,Rajhans
346,1336,2,1050,2,Ready to Move,1,3,3333,3499650,6.0,12,2,Sangini
347,1337,1,659,1,Ready to Move,1,4,2676,1763484,8.0,8,2,Dindoli
348,1338,2,1180,1,Ready to Move,1,3,3991,4709380,6.0,14,2,Orchid
349,1339,2,1127,1,Ready to Move,1,3,3700,4169900,6.0,19,2,Shiv
350,1342,1,1500,1,Poss. by Apr '25,1,3,2933,4399500,1.0,1,3,in
351,1343,1,600,1,Ready to Move,1,3,3300,1980000,7.0,13,2,Jahangirabad
352,1344,1,698,1,Ready to Move,1,3,3204,2236392,14.0,14,2,Vanakala
353,1345,2,1472,1,Poss. by Jun '25,1,3,2497,3675584,7.0,13,3,Dindoli
354,1346,1,750,2,Ready to Move,1,3,2952,2214000,4.0,7,2,gail
355,1348,2,1275,1,Poss. by Jun '24,1,3,3843,4899825,5.0,13,2,Bhimrad
356,1350,2,1050,2,Ready to Move,1,8,3048,3200400,2.0,5,2,Palanpur
357,1351,2,1246,2,Ready to Move,1,5,3531,4399626,7.0,13,2,Nakshatra
358,1353,2,1180,1,Poss. by Dec '24,1,3,3797,4480460,5.0,13,2,Orchid
359,1354,2,1246,2,Ready to Move,1,3,3291,4100586,5.0,12,2,Coral
360,1355,2,685,1,Ready to Move,1,3,3628,2485180,7.0,12,1,Jahangirabad
361,1356,2,1500,2,Ready to Move,1,4,2933,4399500,2.0,11,3,Palanpur
362,1357,2,1250,1,Poss. by Jul '24,1,3,3600,4500000,5.0,14,2,Orchid
363,1358,2,997,2,Ready to Move,2,3,2508,2500476,7.0,13,1,Palanpur
364,1359,2,1335,1,Poss. by Dec '24,1,3,3199,4270665,5.0,13,2,Vaishnodevi
365,1360,2,950,2,Ready to Move,2,3,3684,3499800,2.0,5,2,LP
366,1361,1,500,2,Ready to Move,2,3,3241,1620500,4.0,5,1,Palanpur
367,1362,2,980,2,Ready to Move,1,8,2551,2499980,4.0,12,1,Adajan
368,1364,1,1000,2,Ready to Move,1,8,3652,3652000,5.0,13,2,Nakshatra
369,1365,1,570,2,Ready to Move,1,3,3691,2103870,3.0,14,2,Vaishnodevi
370,1366,2,690,2,Ready to Move,2,8,3696,2550240,2.0,7,1,Orchid
371,1367,1,582,1,Ready to Move,1,4,2891,1682562,2.0,10,2,Dindoli
372,1368,2,1127,1,Ready to Move,1,3,3851,4340077,6.0,19,2,Shiv
373,1369,2,1533,1,Ready to Move,1,3,2740,4200420,5.0,13,3,Kelly
374,1373,1,700,1,Ready to Move,1,3,3361,2352700,4.0,12,2,Jahangirabad
375,1374,1,732,1,Ready to Move,1,3,3300,2415600,6.0,13,2,Jahangirabad
376,1375,2,1145,1,Poss. by Jan '25,1,5,2620,2999900,3.0,7,2,Dindoli
377,1376,1,635,1,Ready to Move,1,3,3377,2144395,7.0,13,2,Bhesan
378,1378,2,1156,1,Ready to Move,1,8,4109,4750004,9.0,13,2,Aagam
379,1380,2,1250,2,Ready to Move,1,3,3360,4200000,8.0,13,2,Devshree
380,1381,2,1256,2,Ready to Move,2,5,2727,3425112,8.0,13,2,JT
381,1383,2,1170,2,Ready to Move,1,3,3350,3919500,6.0,13,2,Swicon
382,1384,2,1219,2,Ready to Move,1,3,3600,4388400,6.0,13,2,Nakshatra
383,1386,2,997,2,Ready to Move,2,3,2859,2850423,7.0,13,1,Palanpur
384,1387,2,950,2,Ready to Move,2,3,3706,3520700,2.0,5,2,LP
385,1388,1,1500,1,Ready to Move,1,3,2941,4411500,,2,3,in
386,1389,2,1200,2,Ready to Move,3,3,3417,4100400,6.0,13,2,Palanpur
387,1391,1,900,2,Ready to Move,1,8,4034,3630600,9.0,19,2,Shiv
388,1392,2,1385,1,Ready to Move,1,3,3466,4800410,8.0,13,3,"Penttagon,"
389,1393,1,600,1,Ready to Move,1,3,2896,1737600,4.0,10,2,Dindoli
390,1394,2,1190,1,Ready to Move,1,3,3450,4105500,6.0,13,2,Swicon
391,1397,1,1090,1,Poss. by Jun '25,1,3,2983,3251470,,1,3,in
392,1398,1,420,1,Ready to Move,1,8,3600,1512000,8.0,10,1,Palanpur
393,1399,1,704,1,Ready to Move,1,8,3164,2227456,7.0,14,2,Jahangir
394,1400,2,1645,1,Poss. by Jan '25,1,5,2650,4359250,5.0,11,3,Dindoli
395,1401,1,747,2,Ready to Move,2,3,2696,2013912,4.0,5,2,Jahangirabad
396,1403,2,1204,1,Poss. by Dec '24,1,8,3650,4394600,5.0,14,2,Sumerru
397,1406,2,1190,2,Ready to Move,2,1,3950,4700500,5.0,14,2,The
398,1407,2,1178,1,Poss. by Jul '24,1,3,3065,3610570,5.0,14,2,Ramaa
399,1408,2,735,1,Poss. by Dec '24,1,3,3500,2572500,6.0,13,1,Swicon
400,1409,1,707,2,Ready to Move,1,3,3602,2546614,6.0,13,2,Nakshatra
401,1410,2,1150,2,Ready to Move,2,3,3478,3999700,4.0,5,2,Rajhans
402,1413,2,1150,2,Ready to Move,3,3,3130,3599500,5.0,13,2,Jahangirabad
403,1415,1,950,2,Ready to Move,1,8,3473,3299350,9.0,15,2,Green
404,1416,2,1350,2,Ready to Move,2,3,2741,3700350,3.0,5,3,Shri
405,1417,1,760,1,Ready to Move,1,3,2276,1729760,,1,2,in
406,1418,2,1120,1,Ready to Move,1,3,4151,4649120,2.0,2,2,The
407,1421,1,920,1,Poss. by Jun '25,1,3,2229,2050680,,1,2,in
408,1422,1,700,1,Ready to Move,3,8,3700,2590000,1.0,7,2,Pal
409,1423,1,645,1,Ready to Move,1,3,3087,1991115,4.0,13,2,Jahangirabad
410,1424,2,813,1,Poss. by Dec '25,1,5,3507,2851191,8.0,14,1,dream
411,1425,1,706,1,Poss. by Apr '25,1,3,3016,2129296,9.0,14,2,Jahangirabad
412,1427,2,1168,1,Ready to Move,1,3,4000,4672000,5.0,14,2,Griva
413,1429,2,1219,2,Ready to Move,1,3,3363,4099497,6.0,13,2,Nakshatra
414,1430,2,1191,2,Ready to Move,1,5,3023,3600393,4.0,5,2,Divine
415,1431,2,1127,2,Ready to Move,1,3,3993,4500111,16.0,19,2,Shiv
416,1432,2,650,2,Ready to Move,3,3,3385,2200250,5.0,12,1,Shayona
417,1433,2,1219,2,Ready to Move,1,3,3600,4388400,6.0,13,2,Nakshatra
418,1434,2,1219,2,Ready to Move,2,3,3610,4400590,7.0,13,2,Nakshatra
419,1437,2,1300,2,Ready to Move,3,3,3308,4300400,7.0,13,2,Palanpur
420,1438,2,1180,2,Ready to Move,2,1,3220,3799600,5.0,5,2,Jahangirabad
421,1439,2,1285,2,Ready to Move,2,3,3813,4899705,12.0,14,2,Anand
422,1440,1,434,1,Ready to Move,1,4,2692,1168328,8.0,8,1,Dindoli
423,1441,2,1173,2,Ready to Move,3,3,4092,4799916,13.0,14,2,Santvan
424,1443,1,1500,1,Poss. by May '25,1,3,2834,4251000,,1,3,in
425,1444,1,900,2,Ready to Move,2,7,3024,2721600,6.0,13,3,Green
426,1445,1,687,1,Ready to Move,1,3,3647,2505489,5.0,14,2,Jahangirabad
427,1446,2,719,1,Poss. by Jan '25,1,5,2282,1640758,3.0,7,1,Dindoli
428,1447,1,367,1,Ready to Move,1,3,3781,1387627,14.0,14,1,Ramaa
429,1450,2,1385,1,Ready to Move,1,3,3610,4999850,4.0,13,3,"Penttagon,"
430,1451,2,1219,2,Ready to Move,1,5,3445,4199455,5.0,13,2,Nakshatra
431,1452,2,1127,2,Ready to Move,1,3,3985,4491095,18.0,19,2,Shiv
432,1453,2,1205,2,Ready to Move,1,8,3611,4351255,8.0,14,2,Siddhi
433,1454,2,1219,2,Ready to Move,1,3,3619,4411561,6.0,13,2,Nakshatra
434,1455,2,1233,2,Ready to Move,3,3,3974,4899942,1.0,10,2,Shubham
435,1457,1,900,2,Ready to Move,2,2,3067,2760300,5.0,5,3,Palanpur
436,1458,2,1266,2,Ready to Move,3,8,2844,3600504,6.0,12,2,Palanpur
437,1459,2,1125,2,Ready to Move,2,1,2933,3299625,5.0,5,2,Palanpur
438,1460,2,1252,2,Ready to Move,1,3,2875,3599500,5.0,13,2,Shyam
439,1461,1,434,1,Ready to Move,1,3,2692,1168328,8.0,8,1,Dindoli
440,1464,1,600,2,Ready to Move,1,5,3956,2373600,7.0,14,2,Green
441,1465,1,558,2,Ready to Move,1,3,3202,1786716,,14,2,Green
442,1466,2,1045,2,Ready to Move,3,5,3254,3400430,7.0,8,2,Dindoli
443,1467,1,710,1,Ready to Move,1,3,4196,2979160,1.0,13,2,Green
444,1470,2,1178,1,Ready to Move,2,3,3650,4299700,9.0,13,2,Ambica
445,1471,2,1050,2,Ready to Move,1,5,3429,3600450,3.0,5,2,Orchid
446,1472,2,1219,2,Ready to Move,1,3,3624,4417656,6.0,13,2,Nakshatra
447,1473,2,1180,2,Ready to Move,1,3,3475,4100500,4.0,5,2,Divine
448,1475,1,1500,1,Ready to Move,1,3,2948,4422000,,2,3,in
449,1476,2,1295,2,Ready to Move,3,7,3707,4800565,6.0,13,2,Palanpur
450,1478,2,1180,2,Ready to Move,1,3,3644,4299920,9.0,13,2,Orchid
451,1479,1,428,1,Ready to Move,1,2,2695,1153460,8.0,8,1,Dindoli
452,1482,1,1600,1,Ready to Move,1,5,3286,5257600,,2,3,in
453,1483,1,688,1,Ready to Move,1,3,3994,2747872,2.0,13,2,Shyam
454,1484,1,700,1,Ready to Move,3,3,2976,2083200,3.0,11,2,Althan
455,1486,1,422,2,Ready to Move,1,3,4462,1882964,4.0,5,1,Orchid
456,1487,2,1505,2,Ready to Move,1,8,3056,4599280,6.0,12,3,Green
457,1488,2,1251,2,Ready to Move,3,3,2839,3551589,8.0,12,2,Sangini
458,1489,1,1500,1,Ready to Move,1,3,2967,4450500,,2,3,in
459,1490,2,751,2,Ready to Move,3,3,3196,2400196,6.0,13,1,Jahangirabad
460,1491,2,1110,2,Ready to Move,2,8,3784,4200240,3.0,5,2,Green
461,1492,1,600,2,Ready to Move,1,6,3462,2077200,7.0,12,2,Green
462,1493,1,815,1,Ready to Move,1,3,2458,2003270,,2,2,in
463,1496,2,1143,1,Ready to Move,1,5,2582,2951226,5.0,10,2,Dindoli
464,1497,2,650,2,Ready to Move,1,3,4462,2900300,4.0,5,1,Orchid
465,1501,2,1651,1,Poss. by Jan '25,1,3,4101,6770751,6.0,14,3,Santvan
466,1502,1,929,1,Poss. by Feb '26,1,3,3681,3419649,5.0,13,3,Bamroli
467,1503,1,832,1,Poss. by Mar '26,1,3,3749,3119168,8.0,14,3,Bamroli
468,1504,2,1651,1,Ready to Move,1,3,4240,7000240,6.0,14,3,Palanpur
469,1506,2,1351,1,Poss. by Apr '25,1,8,4251,5743101,5.0,13,2,Pal
470,1508,1,925,1,Poss. by Dec '25,1,3,3400,3145000,3.0,14,3,Palanpur
471,1509,1,721,1,Poss. by Jun '24,1,3,4249,3063529,7.0,14,2,Palanpur
472,1510,2,1651,1,Poss. by Jun '25,1,3,4100,6769100,5.0,13,3,Santvan
473,1513,2,1861,1,Poss. by Dec '24,1,3,4250,7909250,5.0,13,3,Santvan
474,1514,1,1000,2,Poss. by Dec '24,1,8,3951,3951000,9.0,14,3,Santvan
475,1516,2,1000,2,Ready to Move,1,1,9000,9000000,2.0,4,4,in
476,1517,1,1600,2,Ready to Move,1,3,2800,4480000,1.0,1,3,in
477,1519,1,850,2,Ready to Move,1,3,7353,6250050,1.0,2,3,in
478,1521,1,900,2,Ready to Move,2,3,4333,3899700,1.0,9,2,Althan
479,1522,2,1773,1,Ready to Move,1,3,4250,7535250,8.0,14,3,Bhimrad
480,1524,2,1651,1,Poss. by Dec '24,1,8,4200,6934200,5.0,14,3,Santvan
481,1525,2,1540,2,Ready to Move,3,5,3896,5999840,3.0,14,3,Palanpur
482,1526,2,1389,1,Poss. by Dec '26,1,3,4860,6750540,8.0,13,2,Vesu
483,1527,1,665,2,Poss. by Jun '25,1,8,4257,2830905,4.0,13,2,Gauravpath
484,1529,2,1389,1,Poss. by Dec '25,1,8,4851,6738039,5.0,13,2,Vesu
485,1530,2,1050,2,Ready to Move,3,3,5238,5499900,7.0,12,3,Piplod
486,1531,2,1305,1,Poss. by Jun '26,1,3,3851,5025555,4.0,13,2,Althan
487,1536,2,1445,1,Poss. by Dec '24,1,3,3500,5057500,7.0,14,2,Godadara
488,1537,2,1750,1,Ready to Move,1,3,3486,6100500,4.0,13,3,Jahangirabad
489,1538,2,1326,2,Ready to Move,1,6,3846,5099796,1.0,15,2,Pal
490,1539,2,1209,1,Ready to Move,1,8,4200,5077800,9.0,14,2,Palanpur
491,1540,2,1630,2,Ready to Move,1,8,3129,5100270,2.0,12,3,Pal
492,1541,2,1767,2,Ready to Move,3,3,4471,7900257,4.0,12,3,Adajan
493,1542,1,1250,2,Ready to Move,2,8,4550,5687500,7.0,12,3,Pal
494,1543,2,1651,1,Poss. by Sep '24,1,3,4100,6769100,7.0,13,3,Santvan
495,1544,1,1105,2,Ready to Move,1,3,4956,5476380,7.0,10,3,Piplod
496,1546,2,1354,2,Ready to Move,3,3,3988,5399752,5.0,12,2,Citylight
497,1547,2,1900,1,Poss. by Dec '24,1,3,2800,5320000,7.0,14,3,Dindoli
498,1548,2,1320,1,Poss. by Nov '25,1,8,3973,5244360,10.0,20,2,Palanpur
499,1553,2,1861,1,Poss. by Feb '25,1,3,4299,8000439,7.0,13,3,Palanpur
500,1554,2,1340,2,Ready to Move,2,3,4179,5599860,1.0,14,2,sanctum
501,1556,1,1500,2,Ready to Move,2,2,13393,20089500,1.0,2,2,in
502,1557,1,935,1,Ready to Move,1,5,4888,4570280,8.0,13,3,Vesu
503,1559,2,1650,2,Ready to Move,1,3,4242,6999300,2.0,13,2,Pal
504,1560,1,850,2,Ready to Move,2,3,4385,3727250,6.0,12,2,Parley
505,1561,2,1206,1,Poss. by Nov '25,1,3,4271,5150826,6.0,14,2,Pal
506,1567,1,160,2,Ready to Move,3,3,7905,1264800,1.0,1,3,in
507,1568,1,1820,1,Ready to Move,3,2,3846,6999720,1.0,7,3,Adajan
508,1572,1,1425,2,Ready to Move,3,3,5217,7434225,6.0,10,3,Parley
509,1573,2,700,2,Ready to Move,3,3,8571,5999700,,2,2,in
510,1575,2,1350,2,Ready to Move,1,3,5926,8000100,1.0,3,2,Piplod
511,1576,2,1585,2,Ready to Move,3,3,4101,6500085,1.0,7,3,WESTERN
512,1577,2,1280,2,Ready to Move,2,3,3984,5099520,5.0,13,2,Western
513,1580,2,82,2,Ready to Move,3,6,9630,789660,1.0,2,3,in
514,1584,1,1450,2,Ready to Move,3,5,5000,7250000,6.0,11,2,Athawa
515,1588,2,1775,2,Ready to Move,2,4,4056,7199400,,2,4,in
516,1590,1,1650,2,Ready to Move,2,3,4000,6600000,8.0,9,4,Rajworld
517,1595,1,1048,2,Ready to Move,1,3,4611,4832328,3.0,13,3,Althan
518,1596,1,72,1,Ready to Move,1,3,112500,8100000,,2,3,in
519,1600,1,385,2,Ready to Move,1,1,4413,1699005,2.0,2,2,in
520,1602,2,74,2,Ready to Move,2,3,11299,836126,,3,8,in
521,1605,2,1750,2,Ready to Move,3,8,4857,8499750,2.0,10,3,Suryoday
522,1624,2,2121,2,Ready to Move,3,1,4243,8999403,4.0,8,3,Adajan
523,1627,2,1276,1,Ready to Move,1,3,4052,5170352,5.0,12,2,Althan
524,1628,2,1865,1,Poss. by Dec '24,1,3,4863,9069495,8.0,13,3,Eco
525,1630,2,1805,2,Ready to Move,1,3,4321,7799405,7.0,13,3,Swagat
526,1631,2,1260,2,Ready to Move,3,3,6587,8299620,1.0,1,2,in
527,1632,1,1001,2,Ready to Move,1,4,4553,4557553,12.0,14,3,Capital
528,1634,2,1960,2,Ready to Move,1,3,3852,7549920,2.0,14,3,Shreehans
529,1637,2,1515,2,Ready to Move,1,3,4290,6499350,3.0,5,3,Shreepad
530,1638,2,1210,2,Ready to Move,3,3,5785,6999850,11.0,14,2,Keshav
531,1639,1,1205,2,Ready to Move,1,4,4052,4882660,11.0,11,3,Swagat
532,1643,2,1294,2,Poss. by Dec '24,1,3,5023,6499762,4.0,13,2,Mahaveer
533,1645,2,1311,1,Poss. by Dec '25,1,3,4251,5573061,7.0,13,2,Pramukh
534,1649,1,813,1,Ready to Move,1,3,4157,3379641,10.0,13,2,Santvan
535,1659,2,1115,2,Ready to Move,1,2,5381,5999815,,1,3,in
536,1661,2,1935,2,Ready to Move,1,3,3101,6000435,1.0,2,3,in
537,1664,2,1264,2,Ready to Move,1,3,4351,5499664,13.0,14,2,Sai
538,1676,2,1250,2,Ready to Move,3,3,4681,5851250,8.0,14,2,Orchid
539,1679,2,2400,2,Ready to Move,3,3,4167,10000800,8.0,8,3,Nandini
540,1690,1,1400,2,Ready to Move,2,3,3735,5229000,6.0,13,3,Gothic
541,1691,2,1391,1,Poss. by Jun '24,1,8,4673,6500143,6.0,12,2,Meera
542,1695,2,98,2,Ready to Move,1,4,10998,1077804,1.0,2,4,in
543,1696,2,1650,2,Ready to Move,2,3,3455,5700750,,2,4,in
544,1708,2,1575,2,Ready to Move,1,5,3492,5499900,10.0,12,3,Pal
545,1725,1,1800,2,Ready to Move,3,1,3922,7059600,10.0,13,4,Vaishnodevi
546,1726,2,1650,2,Ready to Move,3,3,4242,6999300,1.0,5,3,Aagam
547,1730,2,1404,2,Ready to Move,3,3,4630,6500520,3.0,11,3,Bilvam
548,1740,1,1632,2,Ready to Move,3,4,4500,7344000,,2,5,in
549,1747,2,1857,2,Ready to Move,2,5,4470,8300790,7.0,15,3,Nakshatra
550,1749,1,950,2,Ready to Move,2,3,3600,3420000,1.0,5,3,Rajhans
551,1750,2,1700,2,Ready to Move,2,3,3265,5550500,2.0,3,3,in
552,1752,2,1433,2,Ready to Move,3,6,4885,7000205,5.0,13,3,Suryam
553,1770,1,1700,2,Ready to Move,1,8,5500,9350000,8.0,12,3,Indralok
554,1773,1,700,2,Ready to Move,2,3,4437,3105900,11.0,14,2,Sai
555,1788,1,1600,2,Ready to Move,3,5,6219,9950400,13.0,13,3,Rajhans
556,1790,2,1650,1,Ready to Move,3,8,3091,5100150,2.0,4,3,Piplod
557,1792,1,1150,2,Ready to Move,3,3,5000,5750000,1.0,12,3,Avadh
558,1796,2,1250,2,Ready to Move,2,3,4400,5500000,10.0,13,2,Rajhans
559,1799,1,1050,2,Ready to Move,3,3,4114,4319700,5.0,7,2,Athwa
560,1802,2,864,2,Ready to Move,2,1,9259,7999776,,5,2,in
561,1807,2,1280,2,Ready to Move,2,3,4297,5500160,1.0,13,2,Adajan
562,1812,1,4000,1,Ready to Move,3,7,1375,5500000,1.0,2,2,in
563,1818,2,1185,2,Ready to Move,1,7,4641,5499585,9.0,10,2,Neelkamal
564,1819,1,1205,2,Ready to Move,3,5,6500,7832500,1.0,13,2,Raghuvir
565,1827,1,927,2,Ready to Move,3,4,3609,3345543,2.0,5,3,Palanpur
566,1835,2,2100,2,Ready to Move,1,8,4571,9599100,9.0,12,3,Siddhi
567,1837,2,1775,2,Poss. by Oct '24,1,3,5352,9499800,6.0,13,3,Raghuvir
568,1848,1,1575,2,Ready to Move,1,3,5079,7999425,1.0,2,4,in
569,1850,2,1400,2,Poss. by Oct '25,1,3,4500,6300000,2.0,13,2,Avadh
570,1855,1,2500,2,Poss. by Dec '24,1,3,3400,8500000,,4,4,Surat
571,1869,2,1900,2,Ready to Move,3,3,4737,9000300,,2,5,in
572,1877,1,1000,2,Ready to Move,2,3,3179,3179000,2.0,2,3,in
573,1878,1,1315,2,Ready to Move,2,3,4419,5810985,1.0,12,3,Happy
574,1882,2,2111,2,Poss. by Dec '26,1,1,4548,9600828,5.0,13,3,Pramukh
575,1889,1,710,2,Ready to Move,3,3,5207,3696970,13.0,13,2,Althan
576,1894,2,1260,2,Ready to Move,3,3,5159,6500340,,1,4,in
577,1895,2,1417,2,Ready to Move,3,3,6704,9499568,8.0,10,3,Navpad
578,1897,1,900,2,Ready to Move,1,3,3959,3563100,1.0,12,3,S
579,1901,2,1800,2,Ready to Move,2,3,3611,6499800,9.0,9,3,Rajlaxmi
580,1907,2,1775,2,Ready to Move,1,8,4789,8500475,6.0,12,3,Vesu
581,1911,2,1755,2,Ready to Move,2,3,4501,7899255,7.0,11,3,Aagam
582,1916,1,1200,2,Ready to Move,3,5,4848,5817600,5.0,5,3,Aagam
583,1924,1,1609,2,Ready to Move,1,4,3480,5599320,12.0,13,3,Nakshatra
584,1930,1,670,2,Ready to Move,1,7,4393,2943310,6.0,15,2,Swagat
585,1932,2,1566,2,Ready to Move,1,7,5875,9200250,7.0,9,3,Aagam
586,1933,1,935,1,Ready to Move,3,3,5628,5262180,7.0,13,3,Shreepad
587,1934,2,1300,2,Ready to Move,2,3,4615,5999500,8.0,10,3,Adarsh
588,1935,1,1150,2,Ready to Move,2,4,4457,5125550,11.0,12,3,Siddhi
589,1940,2,2200,2,Ready to Move,1,5,2727,5999400,,2,3,in
590,1943,1,1130,2,Ready to Move,2,6,4867,5499710,3.0,3,3,Madhav
591,1944,1,822,2,Ready to Move,3,4,5474,4499628,,4,3,Atopnagar
592,1947,1,920,2,Ready to Move,3,7,4422,4068240,5.0,12,3,Saroli
593,1948,1,1850,2,Ready to Move,1,7,3837,7098450,3.0,4,3,Sai
594,1949,2,1630,2,Ready to Move,3,3,3988,6500440,5.0,13,3,Nakshatra
595,1955,1,750,2,Ready to Move,3,5,4640,3480000,9.0,14,2,Vacanza
596,1957,2,1307,2,Ready to Move,1,5,4171,5451497,12.0,13,2,Soham
597,1960,1,796,2,Ready to Move,3,8,4027,3205492,8.0,11,2,Nest
598,1963,2,1311,2,Poss. by Nov '25,1,3,4577,6000447,,4,2,Pramukh
599,1964,2,1805,2,Ready to Move,1,3,4598,8299390,13.0,15,3,Swagat
600,1976,1,1200,2,Ready to Move,3,1,4706,5647200,1.0,11,3,Surbhi
601,1980,2,1520,2,Ready to Move,2,4,4079,6200080,,2,3,in
602,1981,1,1220,2,Ready to Move,3,3,6328,7720160,3.0,3,3,Jamna
603,1985,1,1092,2,Ready to Move,3,3,4500,4914000,3.0,4,3,Divya
604,1990,2,2200,2,Ready to Move,2,3,3409,7499800,3.0,3,3,in
605,1992,2,760,2,Ready to Move,1,3,9211,7000360,2.0,3,4,in
606,1996,1,933,2,Ready to Move,3,3,4195,3913935,12.0,13,3,Nakshatra
607,1997,1,1700,2,Ready to Move,1,1,5389,9161300,,2,5,in
608,1999,2,1325,2,Ready to Move,3,8,4604,6100300,1.0,11,2,Citylight
609,2000,1,950,2,Ready to Move,2,5,4500,4275000,2.0,11,3,Vastu
610,2006,2,1493,1,Ready to Move,3,3,4689,7000677,6.0,13,3,Katar
611,2010,1,1000,2,Ready to Move,2,8,4361,4361000,6.0,13,3,Bhimrad
612,2011,1,1375,2,Ready to Move,3,3,4509,6199875,11.0,12,2,Ratna
613,2013,1,1800,2,Ready to Move,1,5,3208,5774400,9.0,10,3,Pratishatha
614,2027,1,1065,2,Ready to Move,3,3,3791,4037415,7.0,11,3,Sai
615,2035,1,1500,2,Ready to Move,1,4,10000,15000000,,1,1,in
616,2037,1,1812,1,Ready to Move,2,1,3587,6499644,2.0,13,3,Green
617,2038,2,1650,1,Ready to Move,1,8,5000,8250000,3.0,12,3,Mota
618,2043,1,900,1,Ready to Move,1,1,5455,4909500,10.0,10,2,Ambica
619,2044,2,2200,2,Ready to Move,3,4,4091,9000200,,3,6,in
620,2047,1,1060,1,Ready to Move,3,3,4800,5088000,3.0,9,2,Parley
621,2048,1,1200,2,Ready to Move,2,3,3937,4724400,3.0,5,3,Adajan
622,2049,2,1800,2,Ready to Move,3,4,3778,6800400,,1,2,in
623,2050,1,1056,2,Ready to Move,2,3,4185,4419360,7.0,10,3,Magdalla
624,2052,1,1900,2,Ready to Move,3,5,4381,8323900,2.0,10,3,Anand
625,2057,1,934,2,Ready to Move,3,3,4380,4090920,7.0,12,2,Althan
626,2059,1,1080,2,Ready to Move,1,3,10802,11666160,1.0,2,3,in
627,2061,1,1374,2,Ready to Move,2,2,4106,5641644,4.0,5,4,Althan
628,2063,2,1600,2,Ready to Move,3,8,4062,6499200,2.0,5,3,in
629,2074,2,1230,1,Ready to Move,2,8,4146,5099580,13.0,13,2,Althan
630,2088,2,1351,1,Poss. by Apr '26,1,3,4351,5878201,6.0,14,2,Palanpur
631,2089,1,1170,2,Ready to Move,1,4,4180,4890600,4.0,10,3,Pal
632,2090,1,1512,1,Poss. by Dec '25,1,3,3915,5919480,,2,3,in
633,2091,2,1861,1,Ready to Move,1,3,4299,8000439,6.0,14,3,Palanpur
634,2093,2,1751,1,Poss. by Apr '25,1,3,4251,7443501,6.0,13,3,Pal
635,2095,1,900,1,Poss. by Dec '25,1,3,3450,3105000,3.0,14,3,Palanpur
636,2096,1,697,1,Poss. by May '25,1,3,4291,2990827,6.0,14,2,Palanpur
637,2097,2,2097,1,Poss. by Dec '26,1,3,4751,9962847,7.0,13,3,Sangini
638,2098,2,2041,1,Poss. by Dec '24,1,3,4250,8674250,5.0,13,3,Sangath
639,2099,1,950,2,Ready to Move,1,8,4123,3916850,9.0,12,2,Palanpur
640,2102,1,85,2,Ready to Move,1,3,8529,724965,,2,3,in
641,2104,2,1994,1,Ready to Move,1,3,4554,9080676,10.0,14,3,Bhimrad
642,2106,2,1598,1,Ready to Move,1,8,3317,5300566,6.0,14,3,Palanpur
643,2107,2,1518,2,Ready to Move,2,5,3623,5499714,5.0,13,3,Nakshatra
644,2108,2,1800,2,Ready to Move,1,3,3333,5999400,8.0,12,3,Kakadia
645,2109,2,2400,2,Ready to Move,1,3,2708,6499200,,2,4,in
646,2111,2,1400,1,Poss. by Apr '25,1,8,4500,6300000,5.0,12,2,Avadh
647,2113,2,1757,1,Poss. by May '26,1,3,3851,6766207,5.0,13,3,Althan
648,2115,2,1566,2,Ready to Move,2,6,3321,5200686,9.0,12,3,Stuti
649,2116,1,1085,1,Poss. by Jan '25,1,8,3600,3906000,7.0,14,3,Godadara
650,2117,2,1680,1,Ready to Move,1,3,3512,5900160,6.0,13,3,Jahangir
651,2119,2,1644,1,Ready to Move,1,3,3551,5837844,7.0,14,3,Jahangirabad
652,2121,2,1845,2,Ready to Move,3,3,4661,8599545,11.0,14,3,Adajan
653,2122,1,715,2,Ready to Move,3,3,4815,3442725,7.0,13,2,Palanpur
654,2123,2,1872,1,Poss. by Mar '25,1,3,4545,8508240,7.0,13,3,Pal
655,2124,1,763,2,Ready to Move,3,3,6839,5218157,9.0,12,2,Rajhans
656,2126,2,1980,2,Ready to Move,1,3,4545,8999100,8.0,12,3,Surya
657,2128,2,1625,2,Ready to Move,1,8,3692,5999500,7.0,13,3,Palanpur
658,2130,1,1450,2,Ready to Move,2,5,5172,7499400,7.0,8,3,Parley
659,2131,2,1290,1,Poss. by Jul '24,1,3,4403,5679870,6.0,12,2,Pal
660,2132,2,1351,1,Poss. by Nov '24,1,3,4145,5599895,7.0,13,2,Palanpur
661,2133,2,1900,2,Ready to Move,1,3,3158,6000200,10.0,10,4,Adajan
662,2134,2,2000,2,Ready to Move,1,3,5000,10000000,8.0,13,3,Pal
663,2135,1,1600,2,Ready to Move,2,1,3467,5547200,1.0,14,3,Palanpur
664,2136,1,904,1,Ready to Move,1,5,4860,4393440,9.0,13,3,Tha
665,2137,2,1715,1,Poss. by Dec '24,1,3,4898,8400070,5.0,13,3,Eco
666,2138,2,1700,2,Ready to Move,3,8,3235,5499500,8.0,13,3,Palanpur
667,2139,1,1160,2,Ready to Move,3,3,5484,6361440,2.0,12,3,Piplod
668,2140,2,1890,2,Ready to Move,3,3,4815,9100350,1.0,14,3,Avadh
669,2141,1,3000,2,Ready to Move,3,3,1620,4860000,,2,5,in
670,2143,1,1000,2,Poss. by Oct '24,1,3,4898,4898000,8.0,13,3,Eco
671,2144,2,1274,1,Ready to Move,1,3,4062,5174988,5.0,12,2,Althan
672,2145,2,1400,1,Poss. by Jun '24,1,3,4600,6440000,6.0,13,2,Avadh
673,2146,1,900,2,Ready to Move,1,3,4331,3897900,5.0,13,2,NEST
674,2148,2,1294,2,Poss. by Dec '24,1,3,4946,6400124,4.0,13,2,Mahaveer
675,2149,2,1251,2,Ready to Move,1,3,4157,5200407,10.0,14,2,Santvan
676,2150,1,701,1,Ready to Move,1,3,4627,3243527,12.0,13,2,Veer
677,2152,1,1450,2,Ready to Move,2,3,3824,5544800,6.0,13,3,Gothic
678,2153,2,1811,1,Poss. by Apr '25,1,8,3534,6400074,7.0,14,3,Swagat
679,2154,2,1851,2,Ready to Move,3,3,3836,7100436,12.0,12,2,Raghuvir
680,2165,2,1751,1,Poss. by May '26,1,3,4351,7618601,7.0,13,3,Palanpur
681,2166,2,1818,1,Poss. by Apr '25,1,3,5500,9999000,5.0,13,3,Roongta
682,2167,1,750,1,Poss. by Apr '25,1,3,4035,3026250,8.0,14,2,Dumas
683,2168,1,1000,1,Poss. by May '25,1,3,4579,4579000,6.0,14,3,Pal
684,2170,2,2065,1,Poss. by Apr '25,1,3,4751,9810815,6.0,13,3,Sangini
685,2172,1,1100,1,Poss. by Feb '25,1,3,4551,5006100,4.0,14,3,Pal
686,2173,1,948,1,Poss. by May '25,1,3,4290,4066920,7.0,14,3,Palanpur
687,2174,2,2063,1,Poss. by Dec '26,1,3,4750,9799250,3.0,13,3,Sangini
688,2175,2,1325,1,Poss. by Feb '25,1,8,4600,6095000,5.0,13,2,Veer
689,2176,1,1100,2,Poss. by Dec '24,1,8,3831,4214100,9.0,13,3,Shubham
690,2178,2,1820,2,Ready to Move,3,3,3846,6999720,1.0,1,3,Adajan
691,2179,2,1859,1,Ready to Move,1,3,4554,8465886,12.0,14,3,Bhimrad
692,2181,2,1616,1,Ready to Move,1,8,4000,6464000,5.0,14,3,Althan
693,2182,2,1738,2,Ready to Move,3,5,3510,6100380,13.0,13,3,Nakshatra
694,2183,2,1890,2,Ready to Move,1,8,4762,9000180,8.0,12,3,Avadh
695,2184,2,1889,1,Ready to Move,1,8,4251,8030139,6.0,13,3,Palanpur
696,2186,2,2111,1,Poss. by Nov '25,1,8,4250,8971750,5.0,12,3,Pramukh
697,2187,2,1275,1,Poss. by Aug '25,1,3,4051,5165025,5.0,13,2,Althan
698,2188,1,1057,2,Ready to Move,2,3,4062,4293534,7.0,10,3,Vesu
699,2189,2,1755,2,Ready to Move,1,3,4558,7999290,8.0,14,3,MEGAROYAL
700,2190,2,1445,2,Ready to Move,1,3,3599,5200555,14.0,14,2,Godadara
701,2191,2,1652,1,Ready to Move,1,3,3329,5499508,6.0,13,3,Jahangir
702,2192,2,1726,2,Ready to Move,1,3,3900,6731400,6.0,15,3,Adajan
703,2193,2,1960,2,Ready to Move,1,8,3900,7644000,5.0,14,3,Shreehans
704,2195,1,1000,2,Ready to Move,2,6,4800,4800000,7.0,13,3,Orchid
705,2196,2,1322,1,Poss. by Sep '24,1,3,4160,5499520,7.0,13,2,Soham
706,2198,2,1919,2,Ready to Move,1,3,4690,9000110,7.0,12,3,Subh
707,2199,1,751,2,Ready to Move,3,3,4372,3283372,5.0,13,2,Jahangirabad
708,2202,2,1745,1,Poss. by Jul '24,1,3,4401,7679745,4.0,13,3,Pal
709,2203,2,1960,2,Ready to Move,3,8,3827,7500920,6.0,13,3,Palanpur
710,2204,1,1175,2,Ready to Move,3,3,4701,5523675,1.0,5,3,Adajan
711,2207,1,720,1,Ready to Move,1,5,4798,3454560,11.0,13,2,Tha
712,2208,2,1774,1,Ready to Move,1,3,4735,8399890,3.0,5,3,Shaligram
713,2209,2,1770,2,Ready to Move,3,3,4802,8499540,5.0,12,3,Adajan
714,2210,1,980,2,Ready to Move,1,3,4202,4117960,6.0,12,2,Parley
715,2211,2,1250,2,Ready to Move,3,3,4681,5851250,8.0,12,2,Orchid
716,2213,2,1275,1,Poss. by Jul '24,1,3,4051,5165025,7.0,12,2,Althan
717,2214,2,1294,2,Poss. by Dec '24,1,3,5255,6799970,4.0,13,2,Mahaveer
718,2217,2,1250,1,Ready to Move,2,3,4400,5500000,7.0,12,2,Vacanza
719,2218,1,1000,2,Ready to Move,1,4,4727,4727000,4.0,12,3,NEST
720,2220,2,2050,1,Poss. by Jul '24,1,3,4600,9430000,7.0,13,3,"Sattvam,"
721,2223,2,1296,1,Poss. by Dec '25,1,3,4291,5561136,6.0,14,2,Palanpur
722,2224,1,1134,1,Poss. by Feb '26,1,3,4750,5386500,5.0,13,3,Sangini
723,2225,1,1512,1,Poss. by Dec '25,1,3,3915,5919480,1.0,2,3,in
724,2226,2,1307,1,Ready to Move,1,8,4250,5554750,7.0,14,2,Soham
725,2228,2,1918,1,Poss. by Apr '25,1,8,3751,7194418,6.0,13,3,Pratishtha
726,2229,2,1365,1,Ready to Move,1,8,5128,6999720,8.0,14,2,Vesu
727,2230,1,1100,1,Poss. by Dec '24,1,3,4000,4400000,4.0,14,3,Pal
728,2231,1,996,1,Poss. by Jun '25,1,3,4252,4234992,6.0,13,3,Palanpur
729,2233,2,1825,1,Poss. by Feb '25,1,3,4646,8478950,5.0,13,3,Veer
730,2234,1,950,2,Ready to Move,1,8,3517,3341150,9.0,13,3,Palanpur
731,2236,2,1715,1,Ready to Move,1,3,4665,8000475,2.0,13,3,Althan
732,2238,2,1295,1,Ready to Move,1,8,4300,5568500,5.0,14,2,Bhimrad
733,2239,2,1400,1,Poss. by Apr '25,1,3,4500,6300000,5.0,12,2,Avadh
734,2240,1,770,2,Ready to Move,1,3,3858,2970660,11.0,13,2,Pal
735,2241,2,1311,1,Poss. by Oct '25,1,8,4250,5571750,5.0,12,2,Pramukh
736,2242,1,720,1,Poss. by Jul '24,1,1,4851,3492720,2.0,13,2,Vesu
737,2243,2,1520,2,Ready to Move,1,3,4145,6300400,3.0,14,3,Varacha
738,2245,2,1950,2,Ready to Move,1,3,3641,7099950,6.0,14,3,Godadara
739,2246,2,1800,1,Ready to Move,1,3,4389,7900200,4.0,13,3,Palanpur
740,2247,2,1857,2,Ready to Move,1,3,3904,7249728,4.0,15,3,Adajan
741,2248,1,1500,2,Ready to Move,3,3,4049,6073500,12.0,13,3,Adajan
742,2249,1,750,1,Ready to Move,3,8,3941,2955750,4.0,14,2,Vitoria
743,2250,2,2070,1,Poss. by Mar '25,1,3,4750,9832500,6.0,13,3,Pal
744,2251,2,2100,2,Ready to Move,3,3,4714,9899400,10.0,12,3,Siddhi
745,2253,1,1020,1,Poss. by Jan '26,1,3,3749,3823980,9.0,14,3,Bhimrad
746,2255,2,1750,1,Poss. by Sep '24,1,3,3751,6564250,4.0,13,3,Dandi
747,2256,1,1100,2,Ready to Move,2,3,4587,5045700,6.0,9,3,Adajan
748,2259,2,1668,2,Ready to Move,3,3,4496,7499328,5.0,13,3,Pal
749,2260,2,1203,1,Ready to Move,1,8,4364,5249892,6.0,13,2,Palanpur
750,2261,1,750,1,Ready to Move,1,5,4804,3603000,6.0,13,2,Swapna
751,2262,2,1385,1,Poss. by Nov '24,1,1,4751,6580135,1.0,7,2,Sun
752,2264,2,1802,1,Poss. by Oct '24,1,3,3552,6400704,6.0,12,3,Shiv
753,2265,2,1275,1,Poss. by Oct '25,1,3,3991,5088525,4.0,12,2,Althan
754,2266,1,1179,2,Ready to Move,1,3,4666,5501214,1.0,12,3,Times
755,2267,2,1360,2,Ready to Move,3,3,5000,6800000,6.0,12,2,Rajhans
756,2268,1,933,1,Ready to Move,1,3,4661,4348713,5.0,13,3,Veer
757,2272,1,759,2,Poss. by Sep '26,1,3,5430,4121370,8.0,13,2,veer
758,2273,2,1847,1,Poss. by Dec '25,1,3,4293,7929171,8.0,14,3,Palanpur
759,2274,2,1400,1,Poss. by Jun '25,1,3,4500,6300000,5.0,13,2,Avadh
760,2275,2,1400,1,Poss. by Mar '25,1,8,4500,6300000,6.0,12,2,Dumas
761,2278,2,1283,1,Poss. by Apr '25,1,8,4551,5838933,6.0,13,2,Shilalekh
762,2279,2,1775,1,Ready to Move,1,8,5127,9100425,10.0,14,3,Vesu
763,2280,1,950,1,Poss. by Dec '24,1,3,3999,3799050,4.0,14,3,Pal
764,2281,1,942,1,Poss. by May '25,1,3,3451,3250842,,14,3,Jahangir
765,2283,2,1315,1,Poss. by Nov '24,1,3,3991,5248165,6.0,13,2,RAMESWARAM
766,2284,1,1100,2,Ready to Move,1,8,3766,4142600,12.0,15,3,Nakshatra
767,2286,2,1715,1,Poss. by Oct '24,1,3,4781,8199415,10.0,13,3,Vesu
768,2288,2,1745,1,Poss. by Dec '24,1,8,4351,7592495,5.0,14,3,Pal
769,2289,2,1840,2,Ready to Move,1,3,4511,8300240,9.0,12,3,Avadh
770,2290,1,922,1,Ready to Move,1,8,3301,3043522,7.0,13,3,Jahangirabad
771,2291,2,1902,1,Ready to Move,1,8,5100,9700200,5.0,10,3,Raghuvir
772,2294,2,1857,2,Ready to Move,1,3,4066,7550562,5.0,14,3,Nakshatra
773,2295,2,1500,2,Ready to Move,1,3,3667,5500500,8.0,14,3,Godadara
774,2296,2,1950,1,Ready to Move,1,3,4308,8400600,5.0,12,3,Pal
775,2297,2,1251,2,Ready to Move,2,8,4556,5699556,5.0,13,2,Santvan
776,2298,1,720,2,Ready to Move,3,3,4308,3101760,9.0,12,2,Adajan
777,2299,2,1857,1,Poss. by Dec '24,1,3,3800,7056600,10.0,13,3,Nakshatra
778,2300,2,1850,1,Poss. by Mar '25,1,3,4651,8604350,7.0,13,3,Pal
779,2301,2,1850,2,Ready to Move,3,3,5027,9299950,3.0,12,3,Mantra
780,2302,2,2164,1,Poss. by Dec '25,1,3,4321,9350644,7.0,12,3,Dumas
781,2305,2,1522,1,Ready to Move,1,3,4001,6089522,5.0,13,3,Divine
782,2306,2,1299,2,Ready to Move,2,3,4311,5599989,9.0,11,2,Shreepad
783,2308,2,1850,2,Ready to Move,3,3,3784,7000400,1.0,7,3,Anand
784,2309,2,2255,1,Ready to Move,1,8,3459,7800045,6.0,13,3,Palanpur
785,2310,1,867,1,Ready to Move,1,5,4822,4180674,7.0,13,3,Vesu
786,2311,2,2060,1,Poss. by Nov '24,1,3,4440,9146400,5.0,7,3,Sun
787,2312,2,1283,2,Ready to Move,3,8,5066,6499678,4.0,8,2,Nandini
788,2313,2,1620,1,Ready to Move,1,3,3580,5799600,11.0,14,3,Anand
789,2314,2,1275,1,Poss. by Oct '25,1,3,3991,5088525,5.0,12,2,Althan
790,2315,1,1179,2,Ready to Move,1,3,4620,5446980,11.0,12,3,Times
791,2316,2,1609,2,Ready to Move,2,3,3543,5700687,1.0,13,3,Nakshatra
792,2317,1,1495,2,Ready to Move,1,3,3696,5525520,7.0,13,4,Blue
793,2318,2,1811,1,Ready to Move,1,7,3589,6499679,6.0,14,3,Swagat
794,2319,1,1250,2,Ready to Move,1,3,4869,6086250,11.0,12,3,White
795,2322,1,1035,1,Poss. by Jun '25,1,3,4600,4761000,9.0,14,3,Pal
796,2323,2,1800,1,Poss. by Mar '26,1,3,3300,5940000,6.0,14,3,Jahangirabad
797,2324,2,1345,1,Poss. by Mar '25,1,8,4500,6052500,6.0,12,2,Dumas
798,2327,2,1881,1,Poss. by Apr '25,1,8,4575,8605575,7.0,13,3,Veer
799,2328,2,1755,2,Ready to Move,1,3,5698,9999990,3.0,12,3,Shree
800,2329,1,950,1,Poss. by Dec '24,1,3,3999,3799050,4.0,14,3,Pal
801,2330,1,1021,1,Poss. by Jul '25,1,3,3800,3879800,3.0,3,3,Jahangirabad
802,2332,2,1891,1,Poss. by Sep '24,1,5,4750,8982250,5.0,13,3,Madhav
803,2333,1,951,2,Ready to Move,1,8,3846,3657546,15.0,15,2,Nakshatra
804,2335,2,1994,2,Ready to Move,1,8,4444,8861336,5.0,14,3,Peak
805,2337,2,1757,1,Poss. by Aug '24,1,3,3682,6469274,6.0,13,3,Althan
806,2338,2,1962,1,Ready to Move,1,3,5097,10000314,10.0,13,3,"Swapnabhoomi,"
807,2339,2,1775,1,Ready to Move,1,8,5100,9052500,5.0,14,3,Raghuvir
808,2341,1,943,2,Poss. by Jul '24,1,3,4898,4618814,6.0,13,3,Eco
809,2342,1,961,2,Ready to Move,1,3,4100,3940100,5.0,14,3,Divine
810,2343,2,1850,2,Ready to Move,1,3,5135,9499750,10.0,12,3,Godadara
811,2344,1,960,1,Ready to Move,1,3,4500,4320000,6.0,13,3,Palanpur
812,2345,2,1650,1,Ready to Move,1,1,3818,6299700,13.0,14,3,Adajan
813,2346,2,1811,1,Poss. by Mar '25,1,3,4751,8604061,6.0,13,3,Pal
814,2347,2,1252,2,Ready to Move,1,3,4073,5099396,5.0,14,2,Swagat
815,2348,2,1258,1,Ready to Move,3,3,4102,5160316,8.0,13,2,Vaishnodevi
816,2351,2,1775,1,Poss. by Jun '25,1,3,3803,6750325,5.0,13,3,Shubham
817,2352,2,1660,2,Ready to Move,2,3,3614,5999240,9.0,13,3,Gothic
818,2353,2,78,2,Ready to Move,3,4,13533,1055574,1.0,1,3,in
819,2354,2,1820,2,Ready to Move,3,3,3846,6999720,7.0,7,3,Anand
820,2355,1,650,1,Ready to Move,1,3,4365,2837250,5.0,13,2,Palanpur
821,2356,1,1037,1,Ready to Move,1,5,4090,4241330,5.0,13,3,Althan
822,2357,2,1300,1,Ready to Move,1,3,4800,6240000,5.0,13,2,The
823,2358,1,970,2,Ready to Move,3,3,5538,5371860,6.0,12,3,Vesu
824,2359,2,1180,2,Ready to Move,3,3,5000,5900000,9.0,13,2,Orchid
825,2360,2,1280,1,Poss. by Oct '25,1,3,3977,5090560,6.0,12,2,Althan
826,2361,2,1275,1,Ready to Move,1,3,4314,5500350,11.0,13,2,Veer
827,2362,1,911,1,Ready to Move,1,3,4162,3791582,8.0,15,3,Shiv
828,2363,2,1725,1,Ready to Move,3,7,4928,8500800,11.0,13,3,Shikhar
829,2364,2,1350,2,Ready to Move,3,8,4593,6200550,8.0,11,2,Ratna
830,2365,1,1006,2,Poss. by Jan '25,1,3,4050,4074300,6.0,14,3,bhavyaraj
831,2366,2,1649,1,Poss. by May '25,1,3,3400,5606600,5.0,13,3,Pal
832,2367,2,1290,1,Poss. by Mar '25,1,8,4500,5805000,6.0,12,2,Dumas
833,2370,2,1745,1,Poss. by Apr '25,1,8,4551,7941495,6.0,13,3,Shilalekh
834,2371,1,720,1,Poss. by Feb '25,1,3,4400,3168000,4.0,14,2,Pal
835,2372,1,723,1,Poss. by May '25,1,3,3954,2858742,6.0,12,2,Palanpur
836,2374,2,1850,1,Poss. by Sep '25,1,3,4651,8604350,5.0,13,3,Serenity
837,2375,1,1225,2,Ready to Move,1,8,3716,4552100,5.0,15,3,Nakshatra
838,2377,2,1777,2,Poss. by Aug '24,1,3,4240,7534480,13.0,14,3,Althan
839,2379,1,707,1,Poss. by Dec '24,1,8,4475,3163825,5.0,14,2,Pal
840,2380,2,1361,1,Poss. by Dec '25,1,8,5143,6999623,5.0,13,2,Raghuvir
841,2381,2,1625,1,Ready to Move,1,1,5100,8287500,14.0,14,2,Raghuvir
842,2382,2,1361,1,Poss. by Oct '25,1,5,5511,7500471,5.0,13,2,Raghuvir
843,2384,2,1948,1,Poss. by Jan '25,1,3,3500,6818000,5.0,13,3,Godadara
844,2385,1,960,1,Ready to Move,1,3,3851,3696960,6.0,13,3,Palanpur
845,2386,1,1600,2,Ready to Move,1,3,2831,4529600,9.0,10,4,Adajan
846,2387,2,1861,1,Poss. by Aug '24,1,3,4281,7966941,6.0,13,3,Santvan
847,2388,2,1643,2,Ready to Move,1,3,5500,9036500,11.0,13,3,Happy
848,2389,2,1159,2,Ready to Move,1,3,4745,5499455,6.0,13,2,Palanpur
849,2391,2,1825,1,Poss. by Feb '26,1,3,3852,7029900,5.0,13,3,RAMESWARAM
850,2392,2,1251,2,Ready to Move,2,8,4597,5750847,13.0,15,2,Shiv
851,2393,2,1550,2,Ready to Move,2,4,4194,6500700,2.0,9,3,Adajan
852,2396,1,1128,2,Ready to Move,1,5,5053,5699784,7.0,11,3,Raghuvir
853,2397,2,1646,1,Ready to Move,1,3,4800,7900800,5.0,13,3,The
854,2399,2,1811,1,Ready to Move,1,7,3644,6599284,6.0,12,3,Althan
855,2400,2,1610,1,Ready to Move,1,3,3602,5799220,7.0,13,3,Anand
856,2401,2,1252,1,Ready to Move,1,3,4153,5199556,11.0,15,2,Swagat
857,2404,2,1651,2,Poss. by Dec '24,1,3,4000,6604000,9.0,14,3,Santvan
858,2405,2,1206,1,Poss. by Dec '25,1,3,4291,5174946,7.0,14,2,Palanpur
859,2406,2,1260,1,Poss. by Mar '25,1,8,4500,5670000,6.0,12,2,Dumas
860,2409,2,2075,1,Poss. by Apr '25,1,3,4600,9545000,6.0,13,3,Suryam
861,2410,2,1315,1,Poss. by Mar '25,1,3,4000,5260000,4.0,13,2,Palanpur
862,2411,1,946,1,Poss. by Dec '26,1,3,3430,3244780,6.0,14,3,Jahangirabad
863,2413,2,1891,1,Poss. by May '25,1,3,4751,8984141,5.0,13,3,Northern
864,2414,1,1100,2,Ready to Move,2,8,4514,4965400,9.0,12,3,Veer
865,2416,2,1715,1,Ready to Move,1,3,4781,8199415,2.0,13,3,Bhimrad
866,2418,2,1616,1,Ready to Move,1,8,4000,6464000,5.0,13,2,Althan
867,2419,2,1365,1,Ready to Move,1,8,5100,6961500,5.0,10,2,Raghuvir
868,2421,2,1940,2,Ready to Move,1,4,3608,6999520,6.0,14,3,Godadara
869,2422,2,1750,2,Ready to Move,1,3,3486,6100500,5.0,12,3,Jahangir
870,2423,2,2346,2,Ready to Move,3,3,4049,9498954,12.0,13,3,Adajan
871,2424,2,1737,1,Poss. by Mar '25,1,3,4700,8163900,6.0,13,3,Northern
872,2425,2,1283,2,Ready to Move,3,3,4910,6299530,2.0,12,2,Nandini
873,2426,2,1311,1,Poss. by Dec '24,1,8,4250,5571750,7.0,13,2,Pramukh
874,2428,2,1315,1,Poss. by Feb '26,1,3,3848,5060120,5.0,13,2,RAMESWARAM
875,2429,2,1782,2,Ready to Move,3,3,5107,9100674,9.0,11,3,Shreepad
876,2430,2,1650,2,Ready to Move,2,3,4848,7999200,11.0,11,3,shilp
877,2431,2,1425,1,Ready to Move,1,8,3649,5199825,7.0,14,3,Palanpur
878,2432,1,630,2,Ready to Move,1,2,8730,5499900,,1,1,in
879,2433,1,1050,2,Ready to Move,1,5,5086,5340300,6.0,12,3,Swastik
880,2434,2,2100,1,Poss. by Dec '27,1,3,4500,9450000,5.0,13,3,Triyom
881,2435,2,1328,2,Ready to Move,1,3,4029,5350512,12.0,15,2,Nakshatra
882,2436,2,1761,1,Ready to Move,1,7,3634,6399474,6.0,12,3,Althan
883,2437,2,1644,1,Poss. by Oct '24,1,3,3589,5900316,6.0,13,3,Laxmi
884,2438,2,1275,1,Ready to Move,1,7,4000,5100000,4.0,13,2,Oliva
885,2441,1,1134,1,Poss. by Jun '25,1,3,4658,5282172,7.0,12,3,"Sattvam,"
886,2442,2,1704,1,Poss. by Dec '25,1,3,4291,7311864,6.0,14,3,Palanpur
887,2443,2,1200,1,Poss. by Mar '25,1,8,4500,5400000,6.0,12,2,Dumas
888,2444,1,1000,1,Poss. by Jul '25,1,3,4819,4819000,8.0,12,3,Pal
889,2446,2,1657,1,Ready to Move,1,3,3862,6399334,6.0,13,3,Divine
890,2447,1,1051,1,Poss. by Dec '25,1,8,3751,3942301,3.0,13,3,Pal
891,2448,1,817,1,Poss. by Dec '25,1,3,3157,2579269,6.0,14,3,Jahangirabad
892,2450,2,1650,1,Poss. by Dec '25,1,3,4200,6930000,5.0,13,3,Samarth
893,2451,1,1000,2,Ready to Move,1,8,4511,4511000,9.0,12,2,Veer
894,2452,2,1259,1,Ready to Move,1,1,4845,6099855,7.0,13,2,Vesu
895,2454,2,1825,1,Poss. by Dec '25,1,8,4000,7300000,5.0,14,3,Palanpur
896,2456,2,1365,1,Ready to Move,1,8,5500,7507500,5.0,10,2,Raghuvir
897,2457,2,1882,2,Ready to Move,1,3,3666,6899412,12.0,14,3,Godadara
898,2459,2,1891,1,Poss. by Mar '25,1,3,4700,8887700,7.0,13,3,Veer
899,2460,2,1645,2,Ready to Move,3,3,4924,8099980,6.0,12,3,Nandini
900,2461,2,1327,2,Ready to Move,3,3,4521,5999367,6.0,14,2,Shreepad
901,2463,2,1774,1,Poss. by Dec '24,1,8,5006,8880644,3.0,5,3,Shaligram
902,2464,2,1630,2,Ready to Move,3,3,4294,6999220,7.0,13,3,Nakshatra
903,2465,2,1260,2,Ready to Move,3,4,4762,6000120,12.0,12,2,Adajan
904,2467,1,1300,2,Ready to Move,1,5,4439,5770700,9.0,13,3,Happy
905,2468,1,749,1,Ready to Move,1,1,5145,3853605,5.0,13,2,Raghuvir
906,2469,2,1767,2,Ready to Move,1,3,4301,7599867,8.0,12,3,Monarch
907,2470,2,1773,1,Ready to Move,1,3,4372,7751556,8.0,12,3,Althan
908,2471,2,1800,1,Poss. by Jan '25,1,3,3444,6199200,7.0,13,3,The
909,2472,2,1270,1,Ready to Move,3,3,5118,6499860,7.0,12,2,Oliva
910,2475,1,981,2,Ready to Move,1,3,3611,3542391,6.0,14,3,Jahangirabad
911,2476,2,1250,2,Ready to Move,3,3,5200,6500000,7.0,13,2,Palanpur
912,2477,2,1781,1,Poss. by Aug '24,1,3,3651,6502431,7.0,13,3,Bamroli
913,2478,1,1000,1,Poss. by May '25,1,3,4852,4852000,6.0,12,3,Pal
914,2480,2,1857,1,Ready to Move,1,3,4300,7985100,7.0,13,3,Supath
915,2481,1,1200,1,Poss. by Dec '25,1,8,3751,4501200,3.0,13,3,Pal
916,2482,1,935,1,Poss. by Jun '26,1,3,3509,3280915,,14,3,Jahangirabad
917,2484,2,1881,1,Poss. by Dec '24,1,3,4751,8936631,5.0,13,3,Veer
918,2485,1,1150,2,Ready to Move,1,8,4911,5647650,7.0,15,3,Blu
919,2486,2,1371,2,Ready to Move,1,4,5033,6900243,4.0,12,2,Rameshwaram
920,2488,2,1275,1,Ready to Move,1,8,4500,5737500,5.0,14,2,Pal
921,2489,2,1391,1,Ready to Move,1,4,4300,5981300,14.0,14,2,Meera
922,2490,2,2700,2,Ready to Move,1,3,3704,10000800,8.0,14,4,Godadara
923,2491,2,1251,1,Ready to Move,2,3,4396,5499396,8.0,15,2,Pal
924,2492,2,1311,1,Poss. by Mar '26,1,3,4251,5573061,5.0,13,2,Pramukh
925,2493,2,1975,2,Ready to Move,1,3,4500,8887500,8.0,12,3,Ratna
926,2494,1,1400,2,Ready to Move,1,3,4000,5600000,1.0,5,3,Abhishek
927,2496,2,1750,1,Ready to Move,2,3,3714,6499500,5.0,15,3,ORCHID
928,2497,2,1960,2,Ready to Move,1,3,4388,8600480,5.0,5,3,Shreepad
929,2500,1,1110,2,Ready to Move,1,5,4216,4679760,8.0,11,3,Aagam
930,2501,2,1815,1,Ready to Move,1,3,4793,8699295,5.0,12,3,Milestone
931,2502,2,1840,2,Ready to Move,3,3,5217,9599280,2.0,13,3,Avadh
932,2503,2,1803,1,Poss. by Nov '24,1,3,4551,8205453,6.0,13,3,Althan
933,2504,2,1586,1,Ready to Move,1,3,3900,6185400,7.0,13,3,Orchid
934,2505,2,1857,1,Ready to Move,1,3,4470,8300790,6.0,12,3,Oliva
935,2508,1,962,2,Poss. by May '25,1,3,3200,3078400,7.0,14,3,Devshree
936,2509,2,1918,1,Poss. by Feb '26,1,3,3853,7390054,3.0,14,3,Pratishtha
937,2510,1,749,1,Ready to Move,1,3,5143,3852107,10.0,13,2,Raghuvir
938,2511,1,1000,1,Poss. by Jun '25,1,3,4039,4039000,6.0,14,3,Jahangirabad
939,2513,2,1725,1,Ready to Move,1,3,4200,7245000,6.0,13,3,Samarth
940,2514,1,980,1,Poss. by Dec '25,1,3,4651,4557980,8.0,14,3,Pal
941,2515,1,718,1,Poss. by May '26,1,3,3910,2807380,6.0,14,2,Palanpur
942,2517,2,1321,1,Poss. by Dec '26,1,3,4350,5746350,5.0,13,2,Laxmipati
943,2518,1,1152,2,Ready to Move,1,8,3772,4345344,9.0,15,3,Nakshatra
944,2519,2,1715,1,Poss. by Aug '24,1,3,4781,8199415,9.0,13,3,Althan
945,2524,1,933,2,Ready to Move,2,3,3516,3280428,11.0,13,3,Palanpur
946,2525,2,1802,1,Poss. by Aug '24,1,3,3774,6800748,7.0,19,3,Shiv
947,2526,2,1550,1,Poss. by Jun '24,1,8,4059,6291450,7.0,13,3,Globcon
948,2527,2,1835,1,Poss. by Jul '25,1,3,3488,6400480,4.0,14,3,Jahangirabad
949,2528,2,1650,2,Ready to Move,2,3,5152,8500800,5.0,13,3,Shaligram
950,2529,2,1782,2,Ready to Move,3,3,4489,7999398,7.0,11,3,Shreepad
951,2531,1,1100,1,Ready to Move,1,5,4751,5226100,5.0,7,3,Sun
952,2532,2,1643,1,Ready to Move,1,3,5100,8379300,7.0,13,3,Happy
953,2533,2,1956,2,Ready to Move,1,3,4857,9500292,4.0,13,3,Blu
954,2534,2,1690,1,Poss. by Nov '24,1,3,3550,5999500,6.0,13,3,Althan
955,2535,2,1762,1,Ready to Move,1,3,3746,6600452,7.0,13,3,Nakshatra
956,2536,2,1884,1,Ready to Move,1,3,4512,8500608,6.0,12,3,Meera
957,2539,1,1500,1,Ready to Move,1,3,4200,6300000,,1,2,in
958,2540,2,2196,1,Poss. by Jan '26,1,3,3851,8456796,3.0,14,3,Pratishtha
959,2541,1,750,1,Ready to Move,1,3,5500,4125000,5.0,10,2,Raghuvir
960,2542,1,1000,1,Poss. by Sep '24,1,3,3954,3954000,6.0,14,3,Jahangirabad
961,2544,2,1550,1,Ready to Move,1,3,4110,6370500,6.0,14,3,Globcon
962,2545,1,665,1,Poss. by Jul '24,1,3,4200,2793000,4.0,13,2,Pal
963,2546,1,674,1,Poss. by Dec '25,1,3,4600,3100400,8.0,13,2,Pal
964,2548,2,1863,1,Poss. by Dec '26,1,3,4450,8290350,5.0,13,3,Laxmipati
965,2549,1,950,2,Ready to Move,1,8,4157,3949150,9.0,15,2,Sai
966,2550,2,1962,1,Ready to Move,1,3,5097,10000314,2.0,13,3,"Swapnabhoomi,"
967,2552,2,1729,1,Poss. by Dec '24,1,8,4000,6916000,5.0,14,3,Althan
968,2553,2,1958,1,Ready to Move,1,3,4541,8891278,1.0,13,3,Meera
969,2554,2,1865,2,Ready to Move,1,3,4611,8599515,5.0,13,3,Bhimrad
970,2555,1,1008,2,Ready to Move,1,3,3625,3654000,9.0,13,3,Palanpur
971,2556,2,2111,1,Poss. by Sep '25,1,3,4251,8973861,7.0,13,3,Pramukh
972,2557,2,1225,1,Poss. by Aug '24,1,8,4204,5149900,6.0,13,2,Globcon
973,2559,2,1311,1,Poss. by Jul '24,1,3,4249,5570439,6.0,13,2,Pramukh
974,2560,2,1960,2,Ready to Move,3,3,4847,9500120,1.0,5,3,Shreepad
975,2561,2,100,2,Ready to Move,1,4,11111,1111100,,1,2,in
976,2562,1,1150,2,Ready to Move,3,3,5051,5808650,1.0,5,3,Shreepad
977,2563,1,1100,2,Ready to Move,1,5,5100,5610000,11.0,13,3,The
978,2565,2,1522,1,Ready to Move,1,3,4251,6470022,4.0,14,3,Divine
979,2566,2,1715,1,Poss. by Jul '24,1,3,4781,8199415,9.0,13,3,Althan
980,2567,2,1328,2,Ready to Move,1,3,3840,5099520,15.0,15,2,Nakshatra
981,2568,2,1915,1,Ready to Move,1,3,5117,9799055,6.0,12,3,Martand
982,2571,1,735,1,Poss. by Oct '26,1,5,4610,3388350,7.0,14,2,Pal
983,2572,2,1911,1,Poss. by Jun '25,1,3,3700,7070700,6.0,14,3,The
984,2573,1,976,1,Ready to Move,1,3,5500,5368000,10.0,14,3,Raghuvir
985,2576,2,1225,1,Ready to Move,1,3,4180,5120500,6.0,14,2,Globcon
986,2577,1,950,1,Poss. by Jan '26,1,3,3651,3468450,3.0,14,3,Palanpur
987,2578,1,985,1,Poss. by Dec '25,1,3,4600,4531000,6.0,13,3,Pal
988,2580,2,1825,1,Poss. by Dec '24,1,3,3991,7283575,6.0,13,3,RAMESWARAM
989,2581,1,1100,2,Ready to Move,2,8,3875,4262500,10.0,15,3,Nakshatra
990,2582,2,1270,2,Ready to Move,1,3,4500,5715000,14.0,14,2,Oliva
991,2584,2,1803,1,Poss. by Dec '24,1,8,4390,7915170,5.0,14,3,Bhimrad
992,2585,1,890,1,Ready to Move,1,3,4000,3560000,,13,3,Aagam
993,2586,2,1906,2,Ready to Move,1,3,4984,9499504,4.0,14,3,The
994,2587,2,1725,1,Ready to Move,3,3,4203,7250175,6.0,14,3,Palanpur
995,2588,2,1800,1,Poss. by Dec '24,1,3,4700,8460000,8.0,13,3,Veer
996,2589,2,1258,1,Ready to Move,3,3,4372,5499976,5.0,14,2,Jahangirabad
997,2590,2,1725,1,Ready to Move,3,3,4348,7500300,5.0,14,3,Anand
998,2592,1,1017,2,Ready to Move,1,5,4973,5057541,12.0,13,3,Milestone
999,2594,1,711,2,Ready to Move,3,3,4382,3115602,6.0,14,2,Shiv
1000,2595,2,1773,1,Poss. by Oct '24,1,3,4351,7714323,9.0,12,3,Althan
1001,2596,2,1955,1,Ready to Move,1,3,3990,7800450,6.0,13,3,Bilvam
1002,2599,1,740,1,Ready to Move,1,3,5204,3850960,5.0,10,2,Pal
1003,2600,2,1225,1,Poss. by Aug '24,1,7,4204,5149900,6.0,14,2,Globcon
1004,2601,2,1775,1,Ready to Move,1,8,5000,8875000,5.0,12,3,Shaligram
1005,2603,2,1746,1,Ready to Move,1,3,3750,6547500,6.0,13,3,Divine
1006,2604,1,955,1,Ready to Move,1,8,4650,4440750,5.0,14,3,Pal
1007,2605,2,2061,1,Poss. by Dec '24,1,3,4600,9480600,7.0,13,3,"Sattvam,"
1008,2607,2,1311,1,Poss. by Jun '25,1,3,4251,5573061,5.0,13,2,Pramukh
1009,2608,1,1250,2,Ready to Move,2,8,3743,4678750,9.0,15,3,Nakshatra
1010,2609,2,1550,2,Ready to Move,1,3,4000,6200000,8.0,11,3,Aagam
1011,2611,2,1818,1,Ready to Move,1,8,5500,9999000,5.0,13,3,Vesu
1012,2613,2,1850,2,Ready to Move,1,3,5000,9250000,3.0,14,3,Milestone
1013,2614,1,700,1,Ready to Move,1,3,4217,2951900,1.0,15,2,Palanpur
1014,2615,2,1325,1,Poss. by Nov '24,1,3,4702,6230150,6.0,13,2,Veer
1015,2617,2,1632,2,Ready to Move,3,3,5208,8499456,2.0,11,3,Divine
1016,2618,2,1300,2,Ready to Move,2,3,5000,6500000,,1,3,in
1017,2619,1,1020,2,Ready to Move,1,5,4757,4852140,3.0,5,3,Shaligram
1018,2620,1,1000,2,Ready to Move,1,3,5414,5414000,6.0,13,3,Pramukh
1019,2621,2,1861,1,Poss. by Dec '24,1,3,4451,8283311,8.0,12,3,Althan
1020,2623,2,1811,1,Poss. by Jul '24,1,3,4251,7698561,7.0,13,3,Pramukh
1021,2625,1,687,1,Poss. by Oct '26,1,3,4252,2921124,9.0,14,2,Pal
1022,2626,2,1725,1,Poss. by Feb '26,1,3,3411,5883975,7.0,14,3,Anand
1023,2627,2,1815,1,Ready to Move,1,8,5000,9075000,5.0,12,3,Shaligram
1024,2629,1,700,1,Ready to Move,1,4,4200,2940000,4.0,13,2,Palanpur
1025,2630,2,1350,1,Poss. by Dec '24,1,3,4500,6075000,6.0,13,2,Pal
1026,2632,2,2111,1,Poss. by Jun '25,1,3,4251,8973861,5.0,13,3,Pramukh
1027,2633,1,1250,2,Ready to Move,1,8,3905,4881250,10.0,15,3,Nakshatra
1028,2634,2,1210,2,Ready to Move,3,8,6033,7299930,2.0,14,2,Keshav
1029,2636,2,1761,1,Poss. by Dec '24,1,8,3651,6429411,5.0,14,3,Althan
1030,2638,1,1200,2,Ready to Move,1,3,5115,6138000,13.0,19,2,Atlanta
1031,2639,2,1960,2,Ready to Move,1,3,4337,8500520,7.0,13,3,Pal
1032,2640,2,1522,2,Ready to Move,3,3,5585,8500370,6.0,14,3,Divine
1033,2642,2,1950,2,Ready to Move,2,3,4359,8500050,7.0,13,3,Bhakti
1034,2643,1,1020,2,Ready to Move,1,5,4412,4500240,6.0,12,3,Jolly
1035,2644,2,1890,2,Ready to Move,2,3,4762,9000180,6.0,12,3,Avadh
1036,2645,2,1321,1,Poss. by Dec '24,1,3,5072,6700112,5.0,14,2,Vesu
1037,2646,2,2045,1,Poss. by Jul '24,1,3,4221,8631945,6.0,13,3,Sangath
1038,2648,1,1135,1,Poss. by Jun '26,1,3,4753,5394655,7.0,13,3,Pal
1039,2649,2,1625,1,Poss. by Feb '26,1,3,3411,5542875,7.0,14,3,Anand
1040,2650,2,1850,1,Ready to Move,1,8,5000,9250000,6.0,12,3,Shaligram
1041,2652,1,1050,1,Ready to Move,1,3,4000,4200000,4.0,12,3,Palanpur
1042,2653,1,1003,1,Ready to Move,1,3,3945,3956835,6.0,13,3,Palanpur
1043,2655,2,1275,1,Ready to Move,1,3,3991,5088525,5.0,13,2,Shubham
1044,2656,1,1100,2,Ready to Move,1,8,3909,4299900,9.0,15,3,Nakshatra
1045,2658,2,1625,1,Poss. by Apr '26,1,8,3250,5281250,5.0,14,3,Jahangirabad
1046,2659,1,1035,1,Ready to Move,1,8,3600,3726000,7.0,14,3,Roongta
1047,2660,2,1971,1,Poss. by Dec '26,1,3,4710,9283410,7.0,14,3,Pal
1048,2663,1,1140,2,Ready to Move,1,5,4947,5639580,6.0,12,3,Shreeji
1049,2664,2,1311,1,Ready to Move,1,8,4158,5451138,4.0,12,2,Samarth
1050,2665,2,1953,1,Poss. by Dec '24,1,3,5069,9899757,6.0,14,3,Vesu
1051,2666,2,1269,1,Ready to Move,1,3,4291,5445279,7.0,14,2,Sai
1052,2668,1,996,1,Poss. by Jan '26,1,3,4528,4509888,7.0,14,3,Pal
1053,2669,2,1802,1,Poss. by May '25,1,3,3851,6939502,7.0,13,3,Shiv
1054,2670,2,1885,1,Ready to Move,1,8,5000,9425000,6.0,12,3,Shaligram
1055,2672,1,974,2,Ready to Move,1,8,3664,3568736,8.0,13,3,Palanpur
1056,2673,1,904,1,Ready to Move,1,3,3589,3244456,5.0,13,3,Jahangirabad
1057,2674,2,1586,1,Poss. by Dec '24,1,3,3800,6026800,8.0,13,3,Orchid
1058,2675,2,1658,2,Ready to Move,3,3,3920,6499360,8.0,13,3,Green
1059,2676,1,1120,2,Ready to Move,1,8,3762,4213440,1.0,15,3,Nakshatra
1060,2678,1,735,1,Poss. by Dec '25,1,8,5100,3748500,5.0,14,2,Vesu
1061,2679,2,1319,2,Ready to Move,3,3,4170,5500230,6.0,8,2,Shivam
1062,2680,2,1955,2,Ready to Move,1,3,5013,9800415,11.0,14,3,Pal
1063,2681,2,144,1,Ready to Move,1,3,6559,944496,,3,3,in
1064,2683,1,1300,2,Ready to Move,1,5,5000,6500000,8.0,13,4,Nandini
1065,2684,2,1726,2,Ready to Move,1,3,3795,6550170,6.0,15,3,Nakshatra
1066,2685,2,1850,1,Ready to Move,1,3,4200,7770000,7.0,12,3,Althan
1067,2686,2,1725,1,Ready to Move,1,3,4291,7401975,7.0,14,3,Sai
1068,2687,1,1029,1,Ready to Move,1,3,4813,4952577,6.0,10,3,Pal
1069,2688,2,2158,1,Poss. by Jul '25,1,3,3942,8506836,13.0,14,3,Siddhi
1070,2689,1,850,2,Ready to Move,1,3,4286,3643100,3.0,3,3,Avadh
1071,2691,1,750,1,Ready to Move,1,8,4000,3000000,12.0,13,2,Palanpur
1072,2692,2,1725,1,Poss. by Dec '24,1,3,4464,7700400,6.0,13,3,Sai
1073,2693,2,1586,1,Poss. by Dec '24,1,3,3783,5999838,5.0,13,3,Orchid
1074,2695,1,1100,2,Ready to Move,1,8,4000,4400000,10.0,12,3,Nakshatra
1075,2697,2,1325,1,Ready to Move,1,3,4646,6155950,5.0,13,2,Pal
1076,2698,2,1850,2,Ready to Move,1,3,4595,8500750,7.0,12,3,7
1077,2699,2,1351,1,Poss. by May '26,1,3,4145,5599895,10.0,21,2,Adajan
1078,2700,2,1849,1,Poss. by Sep '24,1,3,3751,6935599,5.0,13,3,Dandi
1079,2701,1,889,2,Ready to Move,1,2,4428,3936492,5.0,12,2,Siddhi
1080,2702,1,937,2,Ready to Move,1,5,4866,4559442,3.0,13,3,Aagam
1081,2703,2,1840,2,Ready to Move,1,3,4702,8651680,4.0,12,3,Avadh
1082,2705,2,1173,1,Ready to Move,3,3,4689,5500197,5.0,13,2,Santvan
1083,2706,1,1170,1,Poss. by Apr '25,1,3,4359,5100030,,1,2,in
1084,2707,2,1311,1,Poss. by Mar '26,1,3,4251,5573061,7.0,14,2,Pramukh
1085,2708,1,1134,2,Ready to Move,2,3,4661,5285574,1.0,12,3,Avadh
1086,2710,1,980,1,Ready to Move,1,4,3600,3528000,3.0,14,3,Palanpur
1087,2711,2,1825,1,Poss. by Dec '24,1,3,3991,7283575,6.0,13,3,RAMESWARAM
1088,2713,2,1726,1,Ready to Move,1,3,3991,6888466,7.0,14,3,Nakshatra
1089,2714,1,1100,2,Ready to Move,1,8,4051,4456100,9.0,14,3,Shiv
1090,2716,2,2093,1,Poss. by Dec '24,1,8,4550,9523150,5.0,14,3,Althan
1091,2717,2,2250,2,Ready to Move,1,3,4444,9999000,5.0,12,4,7
1092,2718,2,1704,1,Poss. by Oct '25,1,3,4250,7242000,8.0,14,3,Pal
1093,2721,1,1140,2,Ready to Move,1,5,4789,5459460,4.0,12,3,Dream
1094,2722,2,1345,2,Ready to Move,1,3,3717,4999365,10.0,14,2,Vitoria
1095,2723,1,1000,1,Poss. by Mar '26,1,3,4436,4436000,9.0,12,3,Althan
1096,2724,2,1311,1,Poss. by Jul '24,1,3,4251,5573061,4.0,13,2,Pramukh
1097,2726,2,1340,1,Poss. by Jul '25,1,3,3861,5173740,5.0,14,2,Siddhi
1098,2727,1,1134,1,Ready to Move,1,3,4656,5279904,7.0,12,3,Avadh
1099,2728,2,1665,1,Poss. by May '25,1,8,3411,5679315,6.0,14,3,Anand
1100,2729,1,700,1,Ready to Move,1,3,4291,3003700,4.0,14,2,Pal
1101,2730,2,1881,1,Poss. by Dec '24,1,3,4550,8558550,6.0,13,3,Veer
1102,2732,1,1250,2,Ready to Move,1,8,4139,5173750,9.0,14,3,Shiv
1103,2734,2,2036,1,Poss. by Apr '26,1,8,4715,9599740,5.0,12,3,Pal
1104,2735,2,1700,1,Ready to Move,1,3,5000,8500000,4.0,10,3,Mahaveer
1105,2736,2,1206,1,Poss. by Sep '25,1,3,4312,5200272,9.0,14,2,Pal
1106,2738,2,1700,2,Ready to Move,2,6,4235,7199500,8.0,10,3,Madhav
1107,2739,1,1170,2,Ready to Move,1,5,4615,5399550,6.0,11,3,Shubh
1108,2740,2,1953,1,Ready to Move,1,3,5000,9765000,8.0,12,3,The
1109,2741,2,2111,1,Poss. by Jun '24,1,3,4249,8969639,6.0,13,3,Pramukh
1110,2743,2,1811,1,Poss. by Apr '26,1,3,4251,7698561,8.0,14,3,Pramukh
1111,2744,1,770,1,Ready to Move,1,3,4500,3465000,8.0,12,2,Avadh
1112,2745,1,720,2,Ready to Move,2,3,4310,3103200,3.0,5,2,Samarth
1113,2746,2,1845,1,Poss. by Dec '24,1,3,4600,8487000,6.0,13,3,Veer
1114,2748,1,1550,2,Ready to Move,1,8,4527,7016850,3.0,13,3,Aston
1115,2750,2,1690,1,Poss. by Apr '25,1,8,3561,6018090,5.0,14,3,Althan
1116,2751,2,1857,2,Ready to Move,3,1,5116,9500412,7.0,12,3,ashirwad
1117,2752,2,1625,2,Ready to Move,2,3,3815,6199375,7.0,12,3,Palanpur
1118,2754,2,1609,2,Ready to Move,1,4,3853,6199477,2.0,12,3,Nakshatra
1119,2755,1,1062,2,Ready to Move,1,5,4743,5037066,6.0,9,3,Nandini
1120,2756,2,1311,1,Poss. by May '26,1,8,4251,5573061,9.0,13,2,Pramukh
1121,2757,2,1690,1,Ready to Move,1,3,3550,5999500,9.0,14,3,Orchid
1122,2758,1,1500,1,Ready to Move,1,3,4200,6300000,,1,2,in
1123,2759,2,1857,1,Poss. by Jul '25,1,3,3861,7169877,8.0,14,3,Siddhi
1124,2760,1,1530,2,Ready to Move,1,2,2941,4499730,7.0,12,3,Marion
1125,2761,1,1100,1,Poss. by Mar '25,1,3,3800,4180000,4.0,13,3,The
1126,2762,1,910,1,Ready to Move,1,3,4550,4140500,6.0,13,3,Pal
1127,2764,1,1100,2,Ready to Move,1,8,3723,4095300,9.0,13,3,Divine
1128,2766,2,1616,1,Ready to Move,1,8,4000,6464000,7.0,13,3,Althan
1129,2767,2,1805,1,Ready to Move,1,3,4211,7600855,9.0,12,3,Swagat
1130,2768,2,1725,1,Ready to Move,3,3,4184,7217400,6.0,14,3,Palanpur
1131,2769,2,144,2,Ready to Move,3,3,5787,833328,,3,4,in
1132,2770,2,1848,1,Ready to Move,2,4,4600,8500800,1.0,13,2,Bhakti
1133,2771,1,1170,2,Ready to Move,1,5,4872,5700240,7.0,11,3,Shilp
1134,2772,2,1400,1,Poss. by Dec '24,1,3,4500,6300000,10.0,13,2,Avadh
1135,2773,2,1225,1,Ready to Move,1,3,4200,5145000,7.0,14,2,Globcon
1136,2774,1,1500,1,Poss. by Oct '25,3,3,3400,5100000,,1,3,in
1137,2775,2,1757,1,Poss. by Jan '26,1,3,3838,6743366,7.0,13,3,Sumerru
1138,2776,2,2186,1,Poss. by Apr '25,1,3,4500,9837000,11.0,12,3,"Acacia,"
1139,2777,1,750,2,Ready to Move,3,8,4478,3358500,4.0,13,2,Abhishek
1140,2778,1,1056,1,Poss. by Dec '24,1,3,4550,4804800,7.0,13,3,Veer
1141,2780,1,950,2,Ready to Move,1,8,4038,3836100,14.0,14,2,Santvan
1142,2782,2,1825,1,Ready to Move,1,8,4645,8477125,7.0,14,3,Pal
1143,2783,1,785,2,Ready to Move,1,3,4962,3895170,4.0,14,2,Green
1144,2784,2,1625,2,Ready to Move,2,3,3851,6257875,7.0,12,3,Palanpur
1145,2785,2,1690,1,Poss. by May '25,1,3,3846,6499740,10.0,14,3,Orchid
1146,2786,1,1072,2,Ready to Move,1,5,5152,5522944,4.0,12,3,Swastik
1147,2787,2,1200,1,Ready to Move,1,3,4591,5509200,14.0,19,2,Atlanta
1148,2788,2,1550,1,Poss. by Aug '24,1,3,4194,6500700,7.0,13,3,Globcon
1149,2789,1,719,1,Poss. by Sep '26,1,3,3941,2833579,7.0,10,2,Palanpur
1150,2790,2,1215,1,Poss. by Nov '24,1,3,4291,5213565,6.0,14,2,Sai
1151,2791,2,1361,1,Ready to Move,1,3,5143,6999623,10.0,13,2,Raghuvir
1152,2792,1,737,1,Poss. by Nov '25,1,3,3800,2800600,2.0,14,2,Siddhi
1153,2793,2,1741,2,Ready to Move,1,3,3906,6800346,5.0,13,3,Orchid
1154,2794,1,900,2,Ready to Move,1,7,3967,3570300,5.0,13,3,Suryam
1155,2796,2,2125,1,Poss. by Jun '24,1,3,4700,9987500,7.0,13,3,VIP
1156,2797,2,1625,2,Ready to Move,2,3,3870,6288750,7.0,12,3,Adajan
1157,2798,2,1260,2,Ready to Move,2,3,4048,5100480,3.0,13,2,Narayan
1158,2799,1,644,1,Ready to Move,1,5,4953,3189732,9.0,19,2,Atlanta
1159,2800,2,1365,1,Poss. by Jul '24,1,3,5500,7507500,6.0,12,2,Raghuvir
1160,2801,1,948,2,Poss. by Jan '26,1,3,3600,3412800,9.0,13,3,swarna
1161,2802,2,1725,1,Poss. by Oct '24,1,3,4291,7401975,7.0,13,3,Sai
1162,2804,1,940,1,Ready to Move,1,3,3299,3101060,7.0,14,3,Jahangirabad
1163,2806,1,1100,2,Ready to Move,1,8,4100,4510000,9.0,14,3,Santvan
1164,2808,2,2100,1,Poss. by Jun '24,1,3,4551,9557100,7.0,13,3,VIP
1165,2809,2,2177,1,Ready to Move,1,3,4502,9800854,7.0,14,3,Pal
1166,2810,2,2346,2,Ready to Move,3,3,4049,9498954,12.0,12,3,Nakshatra
1167,2811,1,1017,2,Ready to Move,1,5,4811,4892787,6.0,13,3,Milestone
1168,2812,2,1450,1,Poss. by Jul '24,1,3,5200,7540000,6.0,13,2,Phoenix
1169,2813,1,1170,1,Poss. by Nov '25,1,3,4359,5100030,,1,2,in
1170,2814,2,1550,1,Poss. by Sep '24,1,3,4200,6510000,6.0,14,3,Globcon
1171,2816,2,1918,1,Poss. by Dec '24,1,3,3700,7096600,5.0,13,3,Pratishtha
1172,2818,1,1000,2,Ready to Move,1,8,4201,4201000,9.0,14,2,Divine
1173,2820,2,1425,1,Poss. by Jun '24,1,3,4700,6697500,6.0,13,2,VIP
1174,2821,1,1008,1,Ready to Move,1,3,3601,3629808,11.0,13,3,Palanpur
1175,2822,1,1023,1,Ready to Move,1,5,4600,4705800,6.0,13,3,Meera
1176,2823,2,1695,1,Ready to Move,1,3,4500,7627500,6.0,14,3,Veer
1177,2825,2,1315,1,Poss. by Aug '25,1,3,3951,5195565,5.0,12,2,RAMESWARAM
1178,2827,2,2200,1,Poss. by Dec '24,1,3,3700,8140000,5.0,13,3,Pratishtha
1179,2828,2,1725,2,Ready to Move,1,1,3188,5499300,3.0,13,3,Green
1180,2829,1,1000,2,Ready to Move,1,8,3849,3849000,15.0,15,2,Nakshatra
1181,2830,1,748,1,Ready to Move,1,3,5454,4079592,4.0,10,2,Adajan
1182,2831,2,1305,1,Ready to Move,1,8,5000,6525000,8.0,13,2,The
1183,2832,1,1008,2,Ready to Move,1,3,3578,3606624,10.0,13,3,Palanpur
1184,2833,1,816,2,Ready to Move,1,5,4779,3899664,10.0,12,2,Raghuvir
1185,2834,2,1851,1,Poss. by Aug '24,1,3,4600,8514600,8.0,12,3,Milestone
1186,2836,2,1825,1,Poss. by Jun '25,1,3,3951,7210575,6.0,12,3,RAMESWARAM
1187,2837,2,1855,1,Ready to Move,1,3,4450,8254750,7.0,13,3,Pal
1188,2840,2,1825,1,Ready to Move,1,8,3850,7026250,5.0,13,3,RAMESWARAM
1189,2841,1,700,1,Ready to Move,2,3,4405,3083500,9.0,15,2,Adajan
1190,2842,1,1063,2,Ready to Move,1,5,4517,4801571,7.0,13,3,Nandini
1191,2843,2,1715,1,Poss. by Jul '24,1,3,4898,8400070,7.0,12,3,Eco
1192,2844,1,727,1,Ready to Move,1,3,3933,2859291,10.0,14,2,Soham
1193,2845,2,1433,1,Ready to Move,1,3,4231,6063023,5.0,14,3,Suryam
1194,2846,2,1550,1,Ready to Move,1,3,3897,6040350,6.0,14,3,Globcon
1195,2847,2,1726,2,Ready to Move,1,3,3795,6550170,2.0,15,3,Nakshatra
1196,2849,2,1856,1,Ready to Move,1,8,4555,8454080,7.0,13,3,Peak
1197,2850,2,1847,1,Poss. by Sep '25,1,3,4251,7851597,9.0,14,3,Pal
1198,2851,1,750,2,Ready to Move,1,5,4320,3240000,6.0,13,2,Nest
1199,2852,2,1806,1,Poss. by Jul '24,1,3,4800,8668800,4.0,13,3,The
1200,2853,1,770,1,Ready to Move,1,3,4066,3130820,5.0,15,2,Nakshatra
1201,2854,2,1726,1,Ready to Move,1,3,3991,6888466,6.0,14,3,Nakshatra
1202,2855,2,1251,1,Ready to Move,1,3,4077,5100327,8.0,14,2,Santvan
1203,2857,2,1861,1,Poss. by Aug '24,1,8,4197,7810617,5.0,14,3,Santvan
1204,2859,1,1020,2,Ready to Move,1,5,4526,4616520,8.0,14,3,Marvella
1205,2860,2,1173,1,Poss. by Jul '24,1,3,5091,5971743,7.0,13,2,Atlanta
1206,2861,1,723,1,Poss. by Aug '25,1,3,3901,2820423,9.0,13,2,RAMESWARAM
1207,2862,2,1586,1,Ready to Move,1,3,3991,6329726,7.0,14,3,Orchid
1208,2864,2,1953,1,Poss. by Aug '25,1,8,4992,9749376,7.0,13,3,The
1209,2865,2,1300,2,Ready to Move,3,3,4322,5618600,8.0,12,2,Adajan
1210,2866,1,1063,2,Ready to Move,1,5,4461,4742043,7.0,10,3,Sangath
1211,2867,2,2113,1,Poss. by Jul '24,1,3,4700,9931100,6.0,12,3,Oliva
1212,2868,1,750,1,Poss. by Oct '24,1,3,4011,3008250,6.0,14,2,Samarth
1213,2869,2,1251,1,Ready to Move,1,3,4556,5699556,7.0,14,2,Santvan
1214,2871,2,1757,1,Poss. by Aug '24,1,8,3650,6413050,7.0,14,3,Sumerru
1215,2872,1,1008,2,Ready to Move,1,3,3625,3654000,11.0,13,3,Palanpur
1216,2873,1,770,1,Ready to Move,1,5,4500,3465000,6.0,13,2,Avadh
1217,2874,1,1003,1,Poss. by Aug '25,1,3,4493,4506479,6.0,14,3,Veer
1218,2876,2,1311,1,Poss. by Apr '25,1,6,4249,5570439,5.0,14,2,Pramukh
1219,2877,2,1825,1,Ready to Move,1,3,4110,7500750,8.0,15,3,Adajan
1220,2878,1,722,2,Ready to Move,1,5,5133,3706026,11.0,12,2,Milestone
1221,2879,1,933,1,Ready to Move,1,3,4337,4046421,11.0,14,3,Veer
1222,2881,2,1811,1,Poss. by Apr '25,1,8,4250,7696750,5.0,14,3,Pramukh
1223,2882,1,1000,2,Ready to Move,2,3,3815,3815000,6.0,12,3,Adajan
1224,2883,1,751,2,Poss. by Feb '25,1,5,4730,3552230,5.0,8,2,Sun
1225,2884,1,1040,1,Ready to Move,1,3,4681,4868240,5.0,12,3,Madhav
1226,2886,2,1400,1,Poss. by Apr '25,1,8,4500,6300000,7.0,14,2,Avadh
1227,2887,2,1726,1,Ready to Move,1,3,3853,6650278,10.0,15,3,Adajan
1228,2888,1,977,1,Ready to Move,1,5,4930,4816610,9.0,13,3,Raghuvir
1229,2889,2,1775,2,Poss. by Oct '24,1,3,3851,6835525,8.0,14,3,Shubham
1230,2891,2,2111,1,Poss. by Jun '24,1,3,4251,8973861,6.0,13,3,Pramukh
1231,2892,2,1660,1,Ready to Move,1,1,3795,6299700,8.0,14,3,Palanpur
1232,2893,1,765,2,Ready to Move,1,5,4529,3464685,12.0,14,2,Meera
1233,2894,1,1024,2,Poss. by Oct '25,1,3,4251,4353024,8.0,14,3,Laxmipati
1234,2896,2,2199,1,Poss. by Jun '24,1,3,4484,9860316,6.0,13,3,The
1235,2897,2,1726,1,Ready to Move,1,3,3940,6800440,8.0,15,3,Palanpur
1236,2898,1,750,2,Ready to Move,1,5,4480,3360000,11.0,13,2,Shikhar
1237,2899,1,1024,2,Ready to Move,1,3,4200,4300800,8.0,14,3,Santvan
1238,2901,2,1775,1,Ready to Move,1,7,5070,8999250,7.0,13,3,Raghuvir
1239,2902,2,1620,1,Ready to Move,1,3,3889,6300180,12.0,14,3,Palanpur
1240,2903,1,804,2,Ready to Move,1,5,4179,3359916,11.0,13,2,Rudra
1241,2904,2,1811,2,Poss. by Jan '26,1,3,4251,7698561,8.0,13,3,Pramukh
1242,2906,2,1315,1,Poss. by Aug '24,1,8,3878,5099570,7.0,14,2,RAMESWARAM
1243,2907,2,1726,1,Ready to Move,1,3,3766,6500116,9.0,15,3,Adajan
1244,2908,1,944,1,Ready to Move,1,5,4898,4623712,8.0,13,3,Eco
1245,2909,2,1586,2,Ready to Move,1,3,3700,5868200,9.0,13,3,Orchid
1246,2911,2,1321,1,Poss. by Aug '25,1,8,5000,6605000,8.0,13,2,The
1247,2912,2,1738,2,Ready to Move,1,3,3596,6249848,10.0,14,3,Jahangirabad
1248,2913,1,1023,1,Ready to Move,1,5,4595,4700685,9.0,14,3,Peak
1249,2914,1,949,1,Poss. by Nov '24,1,3,4070,3862430,6.0,14,3,Samarth
1250,2916,2,1806,1,Poss. by Jun '24,1,3,4800,8668800,7.0,13,3,The
1251,2917,2,1609,2,Ready to Move,3,3,4102,6600118,9.0,13,3,Jahangirabad
1252,2918,1,1290,2,Ready to Move,1,5,3953,5099370,8.0,12,3,Nandanvan
1253,2919,1,1050,1,Poss. by Jun '25,1,3,4582,4811100,9.0,14,3,Prestige
1254,2922,2,1845,1,Ready to Move,2,3,4661,8599545,11.0,14,3,Palanpur
1255,2923,1,1045,1,Poss. by Feb '25,1,5,4500,4702500,7.0,13,3,Aagam
1256,2924,1,991,1,Poss. by Nov '24,1,3,3718,3684538,6.0,14,3,Shiv
1257,2926,1,1350,2,Ready to Move,1,3,4333,5849550,5.0,12,3,Pal
1258,2927,1,1050,2,Ready to Move,1,5,4909,5154450,8.0,13,3,"Flamingo,"
1259,2928,1,1320,2,Poss. by Oct '24,1,3,4100,5412000,8.0,14,3,Piramyd
1260,2930,2,1550,1,Ready to Move,1,3,4194,6500700,7.0,14,3,Palanpur
1261,2931,1,1062,2,Ready to Move,1,5,5082,5397084,7.0,13,3,Nandini
1262,2932,1,1035,1,Poss. by Jun '25,1,3,4466,4622310,9.0,20,3,Veer
1263,2934,2,1225,1,Ready to Move,1,3,4374,5358150,8.0,14,2,Adajan
1264,2935,1,943,2,Ready to Move,1,5,4110,3875730,2.0,12,2,Shiv
1265,2936,2,1825,2,Poss. by Apr '25,1,3,3945,7199625,8.0,13,3,RAMESWARAM
1266,2938,2,1550,1,Ready to Move,1,3,4201,6511550,6.0,13,3,Adajan
1267,2939,1,855,2,Ready to Move,1,5,4182,3575610,2.0,10,2,Phoenix
1268,2940,2,1726,2,Ready to Move,1,3,3700,6386200,8.0,15,3,Nakshatra
1269,2942,2,1328,1,Ready to Move,1,3,4163,5528464,6.0,15,2,Adajan
1270,2943,1,721,2,Ready to Move,1,5,5038,3632398,7.0,14,2,Green
1271,2944,2,1918,2,Poss. by Dec '25,1,3,3851,7386218,7.0,14,3,Pratishtha
1272,2945,1,720,1,Ready to Move,1,3,4851,3492720,3.0,13,2,Vesu
1273,2946,2,1861,1,Ready to Move,1,3,4200,7816200,10.0,14,3,Palanpur
1274,2947,1,1091,1,Ready to Move,1,5,4768,5201888,8.0,14,3,Martand
1275,2948,1,893,2,Poss. by Jan '26,1,3,3490,3116570,9.0,14,3,Anand
1276,2950,2,2061,1,Poss. by Jul '25,1,3,4728,9744408,5.0,12,3,Pal
1277,2951,1,688,1,Ready to Move,1,5,4848,3335424,7.0,13,2,Mahaveer
1278,2952,1,1122,2,Poss. by Oct '24,1,3,4100,4600200,6.0,14,3,Sangath
1279,2954,2,1345,1,Ready to Move,1,3,4089,5499705,7.0,14,2,Adajan
1280,2955,1,1110,2,Ready to Move,1,5,4892,5430120,2.0,10,3,Samarth
1281,2956,1,1100,1,Ready to Move,1,3,4750,5225000,6.0,13,3,Marvella
1282,2958,1,810,2,Ready to Move,1,5,4482,3630420,2.0,10,2,Samarth
1283,2959,2,1550,2,Ready to Move,1,3,4140,6417000,8.0,14,3,Globcon
1284,2961,1,902,2,Ready to Move,1,5,4512,4069824,8.0,13,3,Pioneer
1285,2962,2,1725,2,Poss. by Aug '24,1,3,4165,7184625,8.0,13,3,Sai
1286,2964,1,666,2,Ready to Move,1,5,4628,3082248,7.0,13,2,Keshav
1287,2965,1,966,2,Poss. by Nov '24,1,3,3736,3608976,7.0,13,3,Sumerru
1288,2967,1,1068,2,Ready to Move,1,5,4516,4823088,7.0,13,3,Avadh
1289,2968,2,1955,2,Ready to Move,1,3,3939,7700745,6.0,14,3,Bilvam
1290,2969,1,1044,2,Ready to Move,3,5,4483,4680252,10.0,11,3,Aakash
1291,2970,1,909,1,Poss. by Nov '24,1,3,4100,3726900,9.0,14,3,Samarth
1292,2971,2,1225,1,Ready to Move,1,3,4309,5278525,8.0,14,2,Adajan
1293,2972,1,790,2,Ready to Move,1,5,5357,4232030,5.0,12,2,Shreeji
1294,2973,2,1746,2,Ready to Move,1,3,4151,7247646,8.0,14,3,Divine
1295,2974,2,1225,1,Ready to Move,1,3,4327,5300575,9.0,14,2,Palanpur
1296,2975,1,725,2,Ready to Move,1,5,4800,3480000,4.0,10,2,Manibhadra
1297,2976,1,803,2,Ready to Move,1,3,3425,2750275,7.0,14,3,"Penttagon,"
1298,2977,2,2056,1,Poss. by Dec '24,1,3,4767,9800952,8.0,14,3,Pal
1299,2978,1,721,2,Ready to Move,1,5,6260,4513460,12.0,14,2,Green
1300,2979,1,1080,2,Ready to Move,1,3,3766,4067280,6.0,14,3,Shreehans
1301,2981,1,800,2,Ready to Move,1,5,4800,3840000,12.0,12,2,Jolly
1302,2982,2,1865,2,Poss. by Oct '26,1,3,3990,7441350,6.0,10,3,Sanctum
1303,2984,1,1184,2,Ready to Move,1,5,4813,5698592,3.0,10,3,"SHIVNANDAN,"
1304,2985,1,706,1,Poss. by Sep '25,1,3,4551,3213006,9.0,13,2,Shilalekh
1305,2986,1,700,2,Ready to Move,2,3,4476,3133200,10.0,15,2,Shiv
1306,2987,1,936,2,Ready to Move,3,5,4615,4319640,9.0,12,3,Sai
1307,2988,1,706,1,Poss. by Nov '25,1,3,4584,3236304,7.0,13,2,Prestige
1308,2989,2,1738,1,Ready to Move,1,3,3526,6128188,9.0,13,3,Nakshatra
1309,2993,1,1265,1,Poss. by Apr '27,1,3,5500,6957500,5.0,13,3,Vesu
1310,2994,2,2270,1,Poss. by Jun '26,1,3,5850,13279500,8.0,20,3,Pal
1311,2995,2,2578,1,Poss. by Jul '24,1,3,5818,14998804,8.0,13,3,Vesu
1312,2996,2,3000,1,Poss. by Dec '24,1,8,4500,13500000,6.0,12,3,Dumas
1313,2997,2,2200,1,Poss. by May '25,1,3,5000,11000000,4.0,13,3,Pal
1314,2998,1,1600,1,Poss. by Dec '25,1,8,3751,6001600,3.0,13,4,Pal
1315,2999,1,1503,1,Poss. by Dec '25,1,3,4751,7140753,6.0,13,4,Pal
1316,3000,2,2362,1,Poss. by Jun '26,1,3,4751,11221862,5.0,13,3,Sangini
1317,3002,1,1190,1,Poss. by Mar '25,1,3,4667,5553730,9.0,12,3,Dumas
1318,3003,1,1220,1,Ready to Move,1,8,5090,6209800,5.0,13,3,Vesu
1319,3005,2,2500,2,Ready to Move,2,5,4600,11500000,,2,4,in
1320,3006,2,2302,1,Poss. by Apr '25,1,3,4561,10499422,6.0,13,3,Palanpur
1321,3007,2,2600,1,Poss. by May '27,1,3,5000,13000000,4.0,12,3,Dumas
1322,3009,2,2300,1,Poss. by Aug '25,1,8,5500,12650000,5.0,13,3,Vesu
1323,3010,2,1895,1,Ready to Move,1,8,6332,11999140,9.0,12,3,Vesu
1324,3012,1,1382,1,Poss. by May '25,1,3,5900,8153800,4.0,6,3,Ghod
1325,3015,2,3150,2,Ready to Move,1,3,4222,13299300,7.0,13,4,Godadara
1326,3017,2,2061,1,Poss. by Mar '25,1,3,4998,10300878,8.0,13,3,Pal
1327,3019,2,2302,1,Poss. by Sep '26,1,3,5126,11800052,18.0,21,3,Pal
1328,3020,1,1260,1,Ready to Move,1,3,5400,6804000,4.0,13,3,Vesu
1329,3021,2,2492,1,Poss. by Jan '26,1,3,4936,12300512,10.0,13,3,Pal
1330,3022,2,2160,2,Ready to Move,1,1,5454,11780640,3.0,13,3,Piplod
1331,3023,2,2490,1,Poss. by Feb '25,1,3,4300,10707000,5.0,13,3,Pal
1332,3026,1,2200,2,Ready to Move,2,1,11574,25462800,1.0,2,4,in
1333,3027,1,1320,2,Poss. by Feb '25,1,5,5130,6771600,10.0,13,3,Nova
1334,3029,1,1265,1,Poss. by Jan '26,1,6,4565,5774725,5.0,14,3,Althan
1335,3031,1,1600,2,Ready to Move,3,3,5833,9332800,3.0,12,3,Parley
1336,3033,1,1540,2,Ready to Move,1,3,6818,10499720,,1,3,in
1337,3041,2,1150,2,Ready to Move,2,3,9652,11099800,2.0,2,2,in
1338,3051,2,2500,2,Poss. by Mar '26,1,3,5140,12850000,7.0,12,3,Vesu
1339,3052,2,2601,1,Poss. by May '25,1,8,4700,12224700,6.0,13,4,Shivam
1340,3053,2,2250,2,Poss. by Nov '24,1,3,5822,13099500,6.0,13,3,Simandhar
1341,3061,1,1600,2,Ready to Move,2,4,10833,17332800,2.0,2,4,in
1342,3067,1,3400,2,Ready to Move,2,5,3256,11070400,10.0,11,3,Ravi
1343,3073,2,100,1,Ready to Move,2,3,12222,1222200,,1,4,in
1344,3074,2,2400,2,Ready to Move,3,3,4167,10000800,8.0,8,3,Nandini
1345,3075,1,1600,2,Ready to Move,3,3,5000,8000000,3.0,9,3,Ghod
1346,3084,2,1990,2,Ready to Move,2,8,5578,11100220,5.0,13,3,Abhishek
1347,3086,2,2400,1,Ready to Move,1,3,5700,13680000,7.0,12,3,Superia
1348,3091,1,1430,2,Ready to Move,1,2,4577,6545110,5.0,12,3,Pramukh
1349,3104,1,1080,1,Ready to Move,3,3,7645,8256600,3.0,12,3,"Swapnabhoomi,"
1350,3107,1,3100,2,Ready to Move,3,3,3857,11956700,,2,4,in
1351,3108,1,1800,2,Ready to Move,1,3,6905,12429000,13.0,13,3,Surat
1352,3111,1,1343,2,Poss. by Apr '26,1,3,5897,7919671,5.0,11,3,The
1353,3117,1,1200,2,Ready to Move,3,4,6027,7232400,8.0,11,3,Gokul
1354,3118,1,85,2,Ready to Move,2,5,11111,944435,1.0,1,4,in
1355,3119,1,1800,2,Ready to Move,1,3,10476,18856800,1.0,2,3,in
1356,3132,1,2522,2,Ready to Move,1,1,7620,19217640,9.0,12,3,Marion
1357,3134,2,2160,2,Ready to Move,1,3,5602,12100320,10.0,13,3,Western
1358,3141,1,2790,2,Poss. by May '25,1,3,11155,31122450,9.0,13,4,Pioneer
1359,3150,1,1184,2,Ready to Move,1,1,5623,6657632,10.0,12,3,"Swapnabhoomi,"
1360,3156,1,1450,1,Ready to Move,2,4,6173,8950850,1.0,2,4,in
1361,3167,1,2000,2,Ready to Move,1,8,4445,8890000,5.0,13,4,Aston
1362,3180,2,2889,2,Ready to Move,1,3,3531,10201059,,3,2,in
1363,3183,1,1050,2,Ready to Move,3,3,7714,8099700,2.0,3,2,Citylight
1364,3187,2,2200,2,Ready to Move,2,8,5045,11099000,12.0,12,4,Vesu
1365,3192,1,1572,2,Poss. by Dec '25,1,3,4899,7701228,8.0,12,4,shaligram
1366,3193,2,2325,1,Poss. by Aug '24,1,3,5400,12555000,7.0,13,3,Pal
1367,3194,2,2565,1,Poss. by Aug '24,1,3,5575,14299875,6.0,12,3,Vesu
1368,3195,2,2875,1,Poss. by Jan '26,1,3,3826,10999750,3.0,14,4,Pratishtha
1369,3196,1,1400,1,Poss. by Jun '24,1,3,5492,7688800,6.0,12,3,Glorina
1370,3197,2,2700,1,Poss. by Dec '24,1,8,4500,12150000,6.0,12,3,Dumas
1371,3198,2,2500,2,Poss. by May '25,1,3,5000,12500000,5.0,12,3,Pal
1372,3199,1,1450,1,Poss. by Feb '25,1,3,4500,6525000,4.0,14,4,Pal
1373,3200,2,2200,1,Poss. by Dec '24,1,3,4800,10560000,7.0,13,3,Sangini
1374,3201,2,2205,1,Poss. by Dec '24,1,3,4851,10696455,5.0,13,3,Shaligram
1375,3202,1,1375,2,Poss. by Mar '26,1,3,5151,7082625,9.0,12,3,Pramukh
1376,3203,2,2152,1,Ready to Move,1,8,5100,10975200,5.0,13,3,Vesu
1377,3205,2,1812,2,Ready to Move,3,5,5574,10100088,9.0,14,3,Shreepad
1378,3206,2,1810,2,Ready to Move,3,3,6077,10999370,6.0,13,3,Shreepad
1379,3207,2,2300,1,Poss. by May '27,1,8,5500,12650000,5.0,13,3,Vesu
1380,3208,2,2358,1,Poss. by Mar '25,1,8,5454,12860532,4.0,13,3,Vesu
1381,3209,2,2025,1,Poss. by Oct '25,1,8,5185,10499625,9.0,13,3,Vesu
1382,3210,2,2550,1,Poss. by Sep '25,1,3,5020,12801000,1.0,10,3,Althan
1383,3211,1,1320,1,Poss. by Sep '24,1,3,5377,7097640,4.0,13,3,Pramukh
1384,3214,2,1812,2,Ready to Move,1,3,5519,10000428,6.0,13,3,Pal
1385,3215,2,2270,1,Poss. by Mar '25,1,8,5850,13279500,6.0,13,3,Adajan
1386,3216,1,2800,1,Poss. by Aug '25,1,3,3500,9800000,,3,4,in
1387,3217,1,1250,1,Ready to Move,1,3,5600,7000000,7.0,12,3,vip
1388,3219,2,2781,1,Poss. by Feb '25,1,3,4279,11899899,4.0,13,4,Pal
1389,3220,2,144,1,Ready to Move,1,3,8102,1166688,3.0,3,4,in
1390,3221,1,2000,2,Ready to Move,3,3,16173,32346000,1.0,2,3,in
1391,3222,1,1462,2,Ready to Move,1,5,6292,9198904,6.0,11,3,Shripal
1392,3224,2,2450,1,Poss. by Dec '26,1,3,5800,14210000,5.0,12,3,Atmosphere
1393,3226,1,1200,1,Ready to Move,1,3,5550,6660000,8.0,14,3,Vesu
1394,3229,2,2875,1,Poss. by Mar '25,1,8,3751,10784125,5.0,13,4,Pratishtha
1395,3230,2,2152,2,Ready to Move,1,3,4698,10110096,9.0,13,3,"Swapnabhoomi,"
1396,3233,1,1130,1,Poss. by Feb '25,1,3,5891,6656830,5.0,13,3,Sumeru
1397,3237,1,1000,2,Ready to Move,1,5,7143,7143000,4.0,4,3,Ghod
1398,3238,1,2250,2,Poss. by Jun '25,1,3,9583,21561750,5.0,13,3,Pioneer
1399,3239,1,1209,1,Poss. by Oct '24,1,3,4775,5772975,5.0,12,3,Pal
1400,3240,2,2050,1,Poss. by Jul '24,1,3,4976,10200800,13.0,13,3,"Sattvam,"
1401,3241,1,1237,1,Poss. by Apr '26,1,3,5151,6371787,9.0,10,3,Althan
1402,3242,2,2400,1,Poss. by Jun '25,1,3,4351,10442400,7.0,13,3,Piramyd
1403,3243,2,2246,1,Poss. by Jan '25,1,3,5000,11230000,7.0,12,3,Om
1404,3244,2,2600,1,Poss. by Dec '24,1,8,4500,11700000,6.0,12,3,Dumas
1405,3245,2,2270,1,Poss. by May '26,1,8,5947,13499690,5.0,20,3,Pal
1406,3246,2,2360,1,Poss. by Dec '24,1,3,5500,12980000,7.0,13,3,Sangini
1407,3247,2,2870,1,Poss. by Dec '24,1,3,4851,13922370,7.0,13,4,Shaligram
1408,3248,2,2432,1,Poss. by Jul '24,1,8,6111,14861952,9.0,13,3,Vesu
1409,3249,2,2400,1,Ready to Move,1,8,5208,12499200,7.0,13,3,VIP
1410,3251,2,2034,1,Ready to Move,1,3,5454,11093436,9.0,12,3,Shukan
1411,3252,2,2260,1,Ready to Move,1,3,5752,12999520,8.0,13,3,Rajhans
1412,3253,2,2358,1,Poss. by Mar '25,1,8,5454,12860532,5.0,13,3,Vesu
1413,3254,1,1898,1,Poss. by Sep '25,1,1,5151,9776598,9.0,10,3,Vesu
1414,3255,2,2920,1,Poss. by Sep '25,1,3,5034,14699280,1.0,10,4,Althan
1415,3256,2,2560,1,Ready to Move,1,3,5550,14208000,4.0,13,3,Glorina
1416,3257,2,2400,2,Ready to Move,1,1,5625,13500000,15.0,18,3,Sky
1417,3258,2,2565,2,Ready to Move,2,3,5341,13699665,5.0,13,4,Pal
1418,3259,2,2034,1,Poss. by Sep '24,1,3,5408,10999872,6.0,13,3,Shukan
1419,3260,1,2000,2,Ready to Move,1,3,5640,11280000,,2,4,in
1420,3261,2,2041,2,Ready to Move,3,3,5145,10500945,1.0,12,3,Vesu
1421,3264,1,2500,1,Ready to Move,1,3,4833,12082500,1.0,2,5,in
1422,3265,1,1300,2,Ready to Move,1,5,6500,8450000,6.0,12,3,Murti
1423,3267,2,1962,1,Ready to Move,1,3,5200,10202400,5.0,13,3,"Swapnabhoomi,"
1424,3269,1,1100,1,Ready to Move,3,3,6900,7590000,3.0,14,3,Vesu
1425,3270,2,2160,1,Poss. by Sep '24,1,3,5200,11232000,9.0,12,3,Vesu
1426,3271,2,2911,1,Poss. by Apr '25,1,3,4575,13317825,7.0,13,4,Veer
1427,3272,2,2034,1,Ready to Move,3,3,5064,10300176,5.0,13,3,Shukan
1428,3274,1,2151,2,Ready to Move,1,3,10000,21510000,10.0,13,3,"Swapnabhoomi,"
1429,3275,1,1249,1,Poss. by Oct '26,1,3,5650,7056850,9.0,20,3,Pal
1430,3277,1,1485,1,Poss. by Jan '27,1,3,5000,7425000,5.0,13,3,Dumas
1431,3278,2,2400,1,Poss. by Jan '25,1,3,5000,12000000,6.0,12,3,Pramukh
1432,3279,2,2500,1,Poss. by Dec '24,1,8,4500,11250000,6.0,12,3,Dumas
1433,3280,2,2200,1,Ready to Move,1,8,5227,11499400,7.0,14,3,Pal
1434,3281,2,2700,1,Poss. by Dec '24,1,3,4751,12827700,6.0,13,4,Shaligram
1435,3282,2,2492,1,Poss. by Sep '25,1,3,4950,12335400,5.0,13,3,Aston
1436,3283,2,2113,1,Ready to Move,1,1,4851,10250163,13.0,14,3,Althan
1437,3284,1,880,1,Poss. by Mar '27,1,8,7188,6325440,10.0,21,2,Rander
1438,3286,2,2034,1,Ready to Move,3,3,6637,13499658,3.0,10,3,Shukan
1439,3287,2,2305,1,Poss. by Dec '25,1,3,4469,10301045,9.0,14,3,"Acacia,"
1440,3288,2,2198,1,Poss. by Dec '25,1,8,4851,10662498,5.0,13,3,Vesu
1441,3289,1,1569,1,Ready to Move,1,3,4350,6825150,5.0,13,4,Surat
1442,3290,2,2200,1,Poss. by Dec '25,1,3,5364,11800800,1.0,7,3,Citylight
1443,3291,2,2751,1,Poss. by Oct '25,1,3,5090,14002590,7.0,13,4,Raghuvir
1444,3292,2,1962,2,Ready to Move,1,3,5200,10202400,10.0,13,3,"Swapnabhoomi,"
1445,3293,2,2695,2,Ready to Move,1,3,5009,13499255,5.0,10,3,Adajan
1446,3294,2,2300,1,Poss. by Apr '25,1,3,4522,10400600,5.0,14,3,Avadh
1447,3295,1,1200,2,Ready to Move,3,3,6502,7802400,8.0,13,3,King
1448,3296,2,2200,2,Ready to Move,3,1,5045,11099000,11.0,12,4,Swastik
1449,3298,2,192,1,Ready to Move,3,8,8391,1611072,2.0,3,6,in
1450,3300,1,1395,2,Ready to Move,1,5,4889,6820155,8.0,13,3,Surya
1451,3302,2,2410,1,Ready to Move,1,1,5602,13500820,5.0,19,3,Superia
1452,3303,2,120,2,Ready to Move,2,3,12963,1555560,1.0,1,4,in
1453,3304,2,2345,1,Ready to Move,1,8,6013,14100485,7.0,11,3,Tulip
1454,3305,2,2800,1,Poss. by Dec '24,1,3,5000,14000000,8.0,13,4,Althan
1455,3306,2,3339,1,Poss. by Apr '25,1,8,4100,13689900,12.0,13,4,Pratishtha
1456,3307,2,2205,1,Poss. by Feb '25,1,3,4626,10200330,5.0,13,3,Shaligram
1457,3308,2,2204,1,Ready to Move,1,3,5672,12501088,5.0,13,3,Milestone
1458,3309,1,1595,1,Ready to Move,1,1,4600,7337000,5.0,14,4,Veer
1459,3310,2,1902,1,Poss. by Jul '24,1,3,5500,10461000,4.0,12,3,Raghuvir
1460,3311,1,1402,1,Poss. by Dec '26,1,3,5301,7432002,5.0,13,3,Grand
1461,3312,2,2198,1,Poss. by Jan '25,1,8,5800,12748400,6.0,12,3,Milestone
1462,3313,2,2400,1,Poss. by Dec '24,1,8,4500,10800000,6.0,12,3,Dumas
1463,3314,2,2200,1,Ready to Move,1,3,6000,13200000,7.0,13,3,Vesu
1464,3315,2,2215,1,Ready to Move,1,3,5147,11400605,5.0,13,3,Neelkhant
1465,3316,2,2440,1,Poss. by Jun '25,1,3,5501,13422440,5.0,13,3,Sangini
1466,3317,2,2720,1,Ready to Move,1,7,4669,12699680,9.0,14,4,Althan
1467,3320,2,2300,1,Ready to Move,1,8,4783,11000900,4.0,5,3,Shaligram
1468,3321,2,2412,2,Ready to Move,1,5,5597,13499964,5.0,13,3,VIP
1469,3323,2,2025,1,Poss. by Oct '25,1,3,5186,10501650,7.0,13,3,Raghuvir
1470,3324,2,2370,1,Ready to Move,1,4,4500,10665000,10.0,13,4,Pioneer
1471,3326,2,2300,1,Poss. by May '25,1,3,4783,11000900,7.0,14,3,Om
1472,3330,2,2910,1,Ready to Move,1,3,4124,12000840,5.0,13,4,Palanpur
1473,3331,1,1100,2,Ready to Move,1,5,5100,5610000,8.0,13,3,"Swapnabhoomi,"
1474,3333,2,2600,1,Ready to Move,1,3,5500,14300000,5.0,12,3,Glorina
1475,3335,1,1300,1,Ready to Move,1,3,6003,7803900,9.0,12,3,Vesu
1476,3336,2,2500,1,Poss. by Nov '24,1,3,5151,12877500,5.0,13,3,Vesu
1477,3337,2,2810,1,Poss. by Apr '25,1,3,4600,12926000,6.0,13,4,Suryam
1478,3338,2,2870,1,Poss. by Feb '25,1,3,4739,13600930,5.0,13,4,Shaligram
1479,3339,1,1212,1,Poss. by Dec '24,1,3,4853,5881836,5.0,13,3,Shaligram
1480,3340,2,2250,1,Poss. by Jul '24,1,3,6500,14625000,7.0,12,3,sangini
1481,3341,2,2300,1,Poss. by Apr '25,1,3,5300,12190000,5.0,13,3,Grand
1482,3342,2,2591,1,Poss. by Dec '24,1,3,5600,14509600,5.0,12,3,Millionaires
1483,3343,2,2300,1,Poss. by Dec '24,1,8,4500,10350000,6.0,12,3,Dumas
1484,3344,2,2345,1,Ready to Move,1,3,5757,13500165,9.0,14,3,Vesu
1485,3345,2,2270,1,Poss. by May '26,1,3,5850,13279500,5.0,13,3,Central
1486,3346,2,2720,1,Ready to Move,1,1,4770,12974400,7.0,14,4,Althan
1487,3347,1,1317,1,Poss. by Oct '24,1,8,5010,6598170,5.0,13,3,Vesu
1488,3348,1,3000,1,Poss. by Jun '25,1,3,4667,14001000,,2,5,in
1489,3350,2,2412,2,Ready to Move,1,5,5597,13499964,6.0,13,3,Vesu
1490,3351,2,2250,1,Ready to Move,1,1,6500,14625000,13.0,13,3,sangini
1491,3352,2,2210,1,Ready to Move,1,3,6500,14365000,4.0,13,3,sangini
1492,3353,2,2380,2,Ready to Move,1,1,5882,13999160,5.0,12,3,Rameshwaram
1493,3354,2,2301,2,Ready to Move,3,3,5693,13099593,2.0,5,4,Shreepad
1494,3356,2,92,1,Ready to Move,2,3,16908,1555536,,2,4,in
1495,3357,1,1600,1,Poss. by Jun '25,1,3,3855,6168000,8.0,13,4,Palanpur
1496,3358,1,1200,2,Ready to Move,1,5,5782,6938400,6.0,12,3,Rajhans
1497,3360,2,2525,1,Poss. by Jan '25,1,5,5111,12905275,5.0,16,3,Pramukh
1498,3362,2,2152,1,Ready to Move,3,7,6738,14500176,5.0,14,3,"Swapnabhoomi,"
1499,3363,2,2800,1,Poss. by Dec '24,1,3,4851,13582800,8.0,12,4,Althan
1500,3364,2,2422,1,Poss. by Apr '25,1,3,5901,14292222,6.0,12,3,The
1501,3365,2,2246,1,Poss. by Dec '24,1,8,4630,10398980,7.0,14,3,Om
1502,3366,1,1179,2,Ready to Move,1,3,4900,5777100,1.0,12,3,Times
1503,3367,1,1342,1,Poss. by Oct '25,1,3,5454,7319268,6.0,11,3,Sangini
1504,3368,2,2600,1,Poss. by Jul '24,1,3,5000,13000000,6.0,13,3,Pramukh
1505,3369,2,2600,1,Poss. by Aug '24,1,3,5097,13252200,6.0,12,3,Abhva
1506,3370,2,2260,1,Ready to Move,1,3,6000,13560000,6.0,12,3,Rajhans
1507,3371,2,2500,1,Poss. by Mar '25,1,8,6000,15000000,7.0,13,3,Vesu
1508,3372,2,2380,1,Ready to Move,1,3,5874,13980120,8.0,14,3,Vesu
1509,3373,2,2131,1,Ready to Move,1,3,4751,10124381,5.0,13,3,Marvella
1510,3374,2,2241,1,Poss. by Aug '24,1,8,4909,11001069,2.0,14,3,Sky
1511,3375,2,2575,1,Poss. by Aug '24,1,8,4971,12800325,5.0,13,3,Vesu
1512,3377,2,2204,1,Poss. by Jun '25,1,3,5808,12800832,8.0,14,3,Milestone
1513,3378,2,2600,1,Poss. by Sep '25,1,8,5000,13000000,7.0,12,3,Avadh
1514,3379,2,2351,1,Poss. by Dec '25,1,4,5130,12060630,1.0,13,3,Nova
1515,3380,2,2400,1,Poss. by Sep '24,1,3,5111,12266400,8.0,13,3,Pramukh
1516,3381,2,2560,1,Ready to Move,1,1,5469,14000640,10.0,13,3,Glorina
1517,3382,2,127,2,Ready to Move,2,3,10061,1277747,,3,4,in
1518,3386,2,2250,1,Poss. by Jul '26,1,5,6200,13950000,5.0,12,3,sangini
1519,3389,2,2450,1,Poss. by Dec '24,1,3,5347,13100150,6.0,13,3,Vesu
1520,3390,2,2034,1,Ready to Move,1,8,5400,10983600,6.0,13,3,Shilalekh
1521,3391,2,2027,1,Ready to Move,2,3,5081,10299187,5.0,15,3,Green
1522,3392,1,1431,2,Ready to Move,1,2,4875,6976125,5.0,12,3,Pramukh
1523,3393,1,1120,1,Ready to Move,1,3,5700,6384000,5.0,13,3,Piramyd
1524,3394,2,2400,1,Poss. by Jul '24,1,3,5000,12000000,6.0,13,3,Pramukh
1525,3395,2,2300,1,Poss. by Dec '24,1,3,5435,12500500,4.0,12,3,Abhva
1526,3396,1,1100,1,Ready to Move,1,8,5500,6050000,8.0,13,3,"Swapnabhoomi,"
1527,3397,2,2600,1,Poss. by Mar '25,1,3,5000,13000000,5.0,12,3,Dumas
1528,3398,2,2360,1,Ready to Move,1,3,6297,14860920,7.0,14,3,Vesu
1529,3399,2,2565,2,Ready to Move,1,3,5454,13989510,5.0,13,4,Shukan
1530,3400,2,1970,2,Poss. by Jun '25,1,8,5490,10815300,9.0,13,3,Vesu
1531,3401,1,1093,1,Poss. by Dec '25,1,8,5086,5558998,5.0,14,3,Vesu
1532,3403,2,2400,1,Ready to Move,1,3,6250,15000000,10.0,19,3,Sky
1533,3405,2,2025,1,Poss. by Dec '26,1,3,5185,10499625,1.0,13,3,Raghuvir
1534,3407,2,178,1,Ready to Move,1,3,6929,1233362,,3,3,in
1535,3408,1,1152,2,Ready to Move,1,5,5990,6900480,6.0,11,3,Hi
1536,3409,2,2152,1,Ready to Move,1,1,5200,11190400,5.0,12,3,"Swapnabhoomi,"
1537,3410,1,1408,1,Ready to Move,1,3,5500,7744000,7.0,14,3,Vesu
1538,3411,2,2400,1,Poss. by Dec '24,1,3,5917,14200800,5.0,13,3,Vesu
1539,3412,2,2565,1,Ready to Move,1,8,5400,13851000,7.0,13,4,Shilalekh
1540,3413,2,2095,2,Ready to Move,1,3,6253,13100035,5.0,13,4,Supath
1541,3414,1,1430,2,Ready to Move,1,2,4885,6985550,5.0,12,3,Pramukh
1542,3415,1,1180,1,Ready to Move,1,3,5162,6091160,5.0,10,3,Shukan
1543,3416,2,2585,1,Poss. by Jul '24,1,3,5338,13798730,7.0,12,3,"Greenopolis,"
1544,3417,2,1920,1,Poss. by Oct '24,1,3,5500,10560000,5.0,13,3,Kakadia
1545,3418,2,2370,1,Poss. by Aug '24,1,3,4501,10667370,6.0,12,3,Avadh
1546,3419,2,2600,1,Ready to Move,1,3,5577,14500200,7.0,13,3,Vesu
1547,3420,2,2440,1,Ready to Move,1,3,6000,14640000,5.0,13,3,Vesu
1548,3421,2,2041,1,Ready to Move,1,3,5635,11501035,5.0,13,3,Green
1549,3422,2,1995,1,Ready to Move,3,4,5764,11499180,1.0,14,3,Althan
1550,3423,2,2700,1,Poss. by Dec '24,1,8,4550,12285000,7.0,14,4,Althan
1551,3426,2,1953,1,Poss. by Apr '25,1,8,5451,10645803,5.0,13,3,The
1552,3427,2,2751,1,Poss. by Dec '26,1,1,5089,13999839,1.0,13,4,Raghuvir
1553,3428,2,2205,1,Ready to Move,1,3,5488,12101040,5.0,13,3,Milestone
1554,3429,2,182,1,Ready to Move,1,3,8547,1555554,,2,4,in
1555,3430,1,1300,2,Ready to Move,1,5,5800,7540000,3.0,10,3,Tulip
1556,3431,2,1953,1,Poss. by Dec '24,1,5,5890,11503170,4.0,13,3,The
1557,3432,2,2241,1,Poss. by Dec '24,1,3,4641,10400481,9.0,14,3,Althan
1558,3433,2,2441,1,Ready to Move,1,3,4465,10899065,5.0,13,3,Piramyd
1559,3434,2,2602,1,Ready to Move,1,3,5188,13499176,5.0,13,3,Pramukh
1560,3435,1,1616,1,Poss. by Aug '24,1,3,4697,7590352,5.0,12,4,Madhav
1561,3436,2,2433,1,Poss. by Aug '24,1,3,5919,14400927,5.0,12,3,Freedom
1562,3437,1,1135,1,Ready to Move,1,4,5199,5900865,5.0,13,3,"Swapnabhoomi,"
1563,3438,2,2400,1,Poss. by Apr '25,1,3,5000,12000000,4.0,12,3,Avadh
1564,3439,2,2450,1,Poss. by Mar '25,1,8,6000,14700000,7.0,13,3,Vesu
1565,3441,2,2759,2,Ready to Move,1,3,4400,12139600,5.0,13,3,Green
1566,3442,2,2885,1,Poss. by Apr '25,1,3,4700,13559500,9.0,12,4,"Acacia,"
1567,3443,2,2741,1,Poss. by Jun '24,1,3,4551,12474291,7.0,13,4,VIP
1568,3445,2,2330,1,Poss. by Apr '25,1,4,4506,10498980,8.0,12,3,Avadh
1569,3446,2,2025,1,Poss. by Dec '25,1,8,5185,10499625,5.0,13,3,Raghuvir
1570,3448,2,1906,1,Ready to Move,3,3,5500,10483000,6.0,12,3,Raghuvir
1571,3450,2,2323,2,Ready to Move,1,5,5381,12500063,17.0,20,3,Eco
1572,3451,2,2885,1,Poss. by Dec '26,1,1,4700,13559500,5.0,12,4,"Acacia,"
1573,3453,2,2204,1,Ready to Move,1,3,5399,11899396,1.0,13,3,Milestone
1574,3454,1,1212,1,Poss. by Jan '25,1,3,4853,5881836,5.0,13,3,Shaligram
1575,3455,2,2998,1,Poss. by Aug '24,1,3,4500,13491000,5.0,12,4,"Acacia,"
1576,3456,2,2440,1,Poss. by Feb '25,1,3,5639,13759160,5.0,10,3,Sangini
1577,3457,2,3200,1,Poss. by Jun '24,1,3,4500,14400000,7.0,12,4,Avadh
1578,3458,2,2350,1,Poss. by Mar '25,1,8,6000,14100000,7.0,13,3,Vesu
1579,3460,1,1278,2,Ready to Move,1,4,5252,6712056,18.0,19,3,Eco
1580,3461,2,2411,1,Poss. by Jun '24,1,3,5251,12660161,6.0,13,3,Vesu
1581,3463,2,2250,2,Ready to Move,3,8,4667,10500750,1.0,12,3,Samarth
1582,3465,2,2143,1,Ready to Move,1,4,5366,11499338,7.0,14,3,Times
1583,3467,1,1140,2,Ready to Move,1,5,5842,6659880,9.0,12,3,Sangini
1584,3468,2,2433,1,Poss. by Dec '26,1,3,5919,14400927,5.0,12,3,Freedom
1585,3469,2,2346,1,Ready to Move,1,3,4591,10770486,10.0,19,3,Atlanta
1586,3470,2,2204,1,Ready to Move,1,3,5808,12800832,5.0,13,3,Milestone
1587,3471,1,1634,2,Poss. by Feb '25,1,3,4207,6874238,10.0,19,4,Veer
1588,3472,2,2035,1,Ready to Move,1,3,6100,12413500,6.0,13,3,Piramyd
1589,3473,2,2330,1,Poss. by Dec '24,1,3,4500,10485000,5.0,13,3,Avadh
1590,3474,2,2493,1,Ready to Move,1,8,5616,14000688,5.0,12,3,Sky
1591,3475,2,2400,1,Poss. by Mar '25,1,8,6000,14400000,7.0,13,3,Vesu
1592,3478,2,2155,1,Poss. by Aug '24,1,3,4851,10453905,4.0,13,3,Bhimrad
1593,3480,2,2705,1,Poss. by Dec '25,1,8,5176,14001080,5.0,13,4,Raghuvir
1594,3482,2,2323,1,Ready to Move,1,4,5500,12776500,7.0,14,3,Eco
1595,3484,1,1233,1,Ready to Move,1,5,4998,6162534,6.0,14,3,Shreeji
1596,3485,2,2164,1,Poss. by Dec '26,1,1,4700,10170800,5.0,12,3,"Acacia,"
1597,3486,2,2400,1,Poss. by Dec '24,1,3,5111,12266400,9.0,12,3,Pramukh
1598,3487,2,2602,1,Ready to Move,1,3,5073,13199946,5.0,13,3,Pramukh
1599,3488,1,1595,2,Poss. by Jan '26,1,3,4862,7754890,8.0,13,4,Shaligram
1600,3489,2,2100,1,Poss. by Jul '24,1,3,5200,10920000,7.0,13,3,Phoenix
1601,3490,1,1265,1,Poss. by Jun '26,1,3,4951,6263015,5.0,13,3,The
1602,3491,2,2340,1,Poss. by Mar '25,1,8,6000,14040000,7.0,13,3,Vesu
1603,3492,1,2000,1,Poss. by Jul '25,1,3,5108,10216000,6.0,12,4,Pal
1604,3493,2,2323,2,Ready to Move,1,7,5209,12100507,18.0,19,3,Eco
1605,3494,2,2790,1,Poss. by Jun '24,1,3,4851,13534290,7.0,13,4,Bhimrad
1606,3497,2,1989,1,Ready to Move,1,3,6363,12656007,5.0,14,3,Rajhans
1607,3498,2,100,2,Ready to Move,2,3,12222,1222200,,3,4,in
1608,3499,1,1300,2,Ready to Move,1,5,4693,6100900,15.0,19,3,Atlanta
1609,3500,2,2585,1,Poss. by Aug '24,1,3,5500,14217500,5.0,12,3,"Greenopolis,"
1610,3501,1,1540,2,Poss. by Oct '25,1,3,4600,7084000,7.0,13,4,Suryam
1611,3502,2,2360,1,Poss. by Dec '24,1,3,5500,12980000,7.0,10,3,Sangini
1612,3503,1,1042,2,Ready to Move,3,3,6614,6891788,1.0,13,3,Avadh
1613,3504,1,1113,1,Ready to Move,1,3,5185,5770905,8.0,13,3,Raghuvir
1614,3506,2,2370,2,Ready to Move,1,4,4500,10665000,1.0,13,4,Pioneer
1615,3507,2,2600,1,Poss. by Jun '24,1,3,5300,13780000,7.0,13,3,Vesu
1616,3511,1,1134,2,Ready to Move,1,5,5143,5832162,9.0,14,3,Sai
1617,3513,1,1371,1,Poss. by Dec '25,1,3,4856,6657576,6.0,13,3,Aston
1618,3514,2,2323,1,Poss. by Jul '24,1,3,6000,13938000,7.0,13,3,Eco
1619,3515,1,1046,1,Ready to Move,1,3,5500,5753000,6.0,10,3,Raghuvir
1620,3516,1,1500,1,Ready to Move,1,3,5968,8952000,8.0,19,3,Althan
1621,3517,2,2152,1,Ready to Move,1,8,5204,11199008,10.0,13,3,Vesu
1622,3519,2,1895,1,Ready to Move,1,8,6300,11938500,5.0,13,3,Raghuvir
1623,3520,2,168,1,Ready to Move,1,3,7606,1277808,,3,4,in
1624,3521,1,1515,2,Ready to Move,1,5,5109,7740135,5.0,11,3,Shyam
1625,3522,1,1400,1,Ready to Move,3,5,6261,8765400,5.0,12,3,Raghuvir
1626,3523,1,1180,1,Ready to Move,1,3,5162,6091160,5.0,10,3,Shukan
1627,3524,2,2325,1,Poss. by Jul '24,1,3,5995,13938375,6.0,12,3,Eco
1628,3525,1,1042,1,Ready to Move,1,3,7000,7294000,4.0,13,3,Raghuvir
1629,3527,2,1962,1,Ready to Move,1,5,5199,10200438,9.0,13,3,"Swapnabhoomi,"
1630,3529,2,2405,1,Ready to Move,1,3,5100,12265500,1.0,14,4,Raghuvir
1631,3530,2,105,1,Ready to Move,1,3,13862,1455510,,3,4,in
1632,3531,1,1240,2,Ready to Move,1,5,5455,6764200,8.0,12,3,Anupam
1633,3532,2,2600,1,Ready to Move,1,1,5200,13520000,6.0,12,3,Pramukh
1634,3533,1,1430,2,Poss. by Jun '25,1,3,4537,6487910,6.0,11,4,Shivam
1635,3534,2,2346,1,Poss. by Jul '24,1,3,5091,11943486,4.0,13,3,Atlanta
1636,3535,1,1322,1,Ready to Move,1,3,5500,7271000,8.0,14,4,Raghuvir
1637,3536,2,1962,1,Ready to Move,1,5,5199,10200438,9.0,13,3,"Swapnabhoomi,"
1638,3540,1,1300,2,Ready to Move,1,5,4791,6228300,9.0,13,4,Aakash
1639,3541,1,1350,1,Poss. by Dec '24,1,5,5796,7824600,5.0,18,3,Superia
1640,3542,2,3100,1,Poss. by Jul '24,1,3,4800,14880000,6.0,13,4,Veer
1641,3543,2,2433,1,Poss. by Dec '24,1,8,6111,14868063,6.0,12,3,Freedom
1642,3544,2,2585,1,Poss. by Dec '24,1,8,5106,13199010,5.0,11,3,"Greenopolis,"
1643,3547,1,1702,2,Ready to Move,1,5,4800,8169600,7.0,14,4,Martand
1644,3548,1,1400,1,Poss. by Dec '24,1,5,5111,7155400,5.0,13,3,Pramukh
1645,3549,2,2217,1,Poss. by Jul '24,1,3,6000,13302000,4.0,12,3,Universal
1646,3550,2,2200,1,Ready to Move,1,8,5000,11000000,6.0,12,3,Shaligram
1647,3551,2,2751,1,Poss. by Jul '25,1,8,5089,13999839,5.0,13,4,Raghuvir
1648,3554,1,1577,1,Ready to Move,1,5,4743,7479711,9.0,14,4,Oliva
1649,3555,2,2152,1,Poss. by Nov '24,1,3,5200,11190400,7.0,13,3,"Swapnabhoomi,"
1650,3556,2,2720,1,Poss. by Jul '24,1,3,4700,12784000,5.0,12,4,Oliva
1651,3557,2,2300,1,Ready to Move,1,8,5000,11500000,6.0,12,3,Shaligram
1652,3558,2,2578,1,Ready to Move,1,7,5750,14823500,7.0,13,3,Milestone
1653,3561,1,1045,1,Ready to Move,1,5,5502,5749590,11.0,13,3,Kakadia
1654,3562,2,2323,1,Ready to Move,1,3,5811,13498953,5.0,19,3,Eco
1655,3563,1,1317,1,Poss. by Apr '25,1,3,5500,7243500,5.0,13,3,Pramukh
1656,3564,2,2560,1,Ready to Move,1,8,4883,12500480,7.0,13,3,Glorina
1657,3566,2,99,1,Ready to Move,1,3,15152,1500048,,2,4,in
1658,3567,1,1427,1,Ready to Move,1,5,4491,6408657,1.0,13,4,Pioneer
1659,3568,1,1094,2,Ready to Move,1,3,5798,6343012,9.0,12,3,Rajhans
1660,3569,1,1281,1,Poss. by Mar '25,1,3,4500,5764500,9.0,13,3,Avadh
1661,3570,2,1953,1,Ready to Move,1,8,5200,10155600,7.0,13,3,The
1662,3573,1,1500,2,Ready to Move,1,5,5130,7695000,5.0,10,3,Sangini
1663,3574,2,2152,2,Ready to Move,3,1,6738,14500176,3.0,13,3,"Swapnabhoomi,"
1664,3575,1,1080,1,Ready to Move,1,3,5100,5508000,6.0,13,3,"Swapnabhoomi,"
1665,3576,2,2432,1,Ready to Move,1,8,5481,13329792,7.0,13,3,Freedom
1666,3578,1,1309,1,Ready to Move,1,5,5600,7330400,15.0,20,3,Sky
1667,3579,2,2250,1,Ready to Move,1,3,6500,14625000,5.0,13,3,sangini
1668,3580,1,1595,1,Poss. by Apr '25,1,3,4690,7480550,8.0,12,4,"Acacia,"
1669,3581,1,1281,1,Poss. by Dec '24,1,8,4483,5742723,5.0,13,3,Avadh
1670,3583,1,1320,2,Poss. by Jan '25,1,5,5200,6864000,7.0,10,3,Pramukh
1671,3585,2,2900,1,Poss. by Apr '25,1,3,4690,13601000,8.0,12,4,"Acacia,"
1672,3588,1,1045,1,Ready to Move,1,5,5579,5830055,5.0,10,3,Raghuvir
1673,3589,2,2433,1,Ready to Move,1,3,5931,14430123,5.0,13,3,Freedom
1674,3592,1,1374,1,Ready to Move,1,5,5400,7419600,7.0,13,3,Glorina
1675,3594,1,1410,2,Ready to Move,1,5,5458,7695780,7.0,13,3,Surya
1676,3595,1,1320,1,Ready to Move,1,5,5000,6600000,8.0,13,4,Raghuvir
1677,3596,1,1422,1,Ready to Move,1,5,5493,7811046,7.0,13,3,"Greenopolis,"
1678,3597,1,1158,1,Ready to Move,1,5,5701,6601758,10.0,13,3,Milestone
1679,3598,1,1293,1,Ready to Move,1,5,5574,7207182,6.0,13,3,Atmosphere
1680,3599,1,1102,2,Ready to Move,1,5,5387,5936474,6.0,10,3,Milestone
1681,3603,2,2440,1,Poss. by Feb '26,1,3,6336,15459840,5.0,13,3,Vesu
1682,3604,2,3970,1,Poss. by Jul '26,1,3,6348,25201560,18.0,19,4,Pal
1683,3606,1,1978,1,Poss. by Aug '25,1,3,5000,9890000,7.0,10,4,Dumas
1684,3607,2,400,2,Ready to Move,1,3,19444,7777600,,2,5,in
1685,3608,2,4452,1,Poss. by Jan '25,1,3,6300,28047600,6.0,12,4,Vesu
1686,3610,1,2100,1,Poss. by Dec '25,1,3,4750,9975000,4.0,14,4,Pal
1687,3611,2,3250,1,Poss. by Dec '26,1,3,4751,15440750,3.0,13,4,Sangini
1688,3612,2,3415,1,Poss. by Jun '26,1,5,4751,16224665,5.0,13,4,Sangini
1689,3616,1,1500,1,Ready to Move,3,5,11333,16999500,,1,3,in
1690,3621,2,2536,1,Poss. by Dec '25,1,3,6309,15999624,9.0,13,3,Vesu
1691,3622,2,3100,1,Poss. by Aug '25,1,8,6452,20001200,10.0,18,4,Vesu
1692,3625,2,5000,1,Poss. by Dec '25,1,5,7000,35000000,7.0,20,5,Surya
1693,3626,2,4000,1,Poss. by Mar '26,1,3,7125,28500000,11.0,20,4,Surya
1694,3630,2,2493,1,Poss. by Sep '25,1,8,6570,16379010,5.0,13,3,Vesu
1695,3631,2,6000,2,Ready to Move,1,8,9167,55002000,,2,6,in
1696,3632,2,3636,1,Ready to Move,1,3,7200,26179200,4.0,12,4,Raghuvir
1697,3634,2,112,2,Ready to Move,1,8,15972,1788864,1.0,2,4,in
1698,3635,2,3087,1,Poss. by Dec '25,1,3,5591,17259417,1.0,13,4,Althan
1699,3636,2,3700,1,Ready to Move,3,7,10811,40000700,5.0,13,4,Vesu
1700,3638,1,2900,1,Poss. by Oct '24,1,3,9500,27550000,17.0,18,5,VIP
1701,3639,2,5000,1,Poss. by Aug '25,1,3,10000,50000000,7.0,17,5,Piplod
1702,3640,2,3240,1,Poss. by Oct '25,1,3,5185,16799400,11.0,12,4,Pal
1703,3641,2,3294,1,Poss. by Jan '26,1,3,4948,16298712,10.0,13,4,Pal
1704,3646,2,4351,1,Ready to Move,1,5,6500,28281500,6.0,10,5,Raghuvir
1705,3649,2,2100,1,Ready to Move,1,4,11952,25099200,2.0,2,4,in
1706,3655,1,255,2,Ready to Move,1,3,10857,2768535,1.0,2,5,in
1707,3659,1,5400,2,Ready to Move,1,1,9259,49998600,2.0,2,5,in
1708,3676,1,2400,2,Poss. by Aug '26,1,1,6494,15585600,9.0,19,4,Vesu
1709,3680,1,4150,2,Ready to Move,1,8,8264,34295600,9.0,25,5,Casa
1710,3681,2,3200,1,Poss. by Dec '24,1,3,5500,17600000,7.0,13,4,Sangini
1711,3683,1,2800,2,Ready to Move,1,2,5161,14450800,2.0,11,4,The
1712,3684,2,8000,2,Ready to Move,3,2,10625,85000000,2.0,3,4,in
1713,3686,1,422,2,Ready to Move,2,3,13823,5833306,,3,5,in
1714,3688,1,3300,2,Ready to Move,3,5,6833,22548900,6.0,20,5,"Expressions,"
1715,3689,1,1807,1,Poss. by Sep '24,1,3,5753,10395671,4.0,13,4,Milestone
1716,3697,1,1860,2,Ready to Move,3,3,7824,14552640,4.0,12,4,Green
1717,3698,1,3200,2,Ready to Move,1,5,6123,19593600,9.0,13,5,Avantis
1718,3707,2,2750,1,Poss. by Jun '24,1,8,5900,16225000,7.0,13,3,Avantis
1719,3710,1,2500,2,Ready to Move,3,1,5890,14725000,10.0,10,4,Empire
1720,3712,1,7000,2,Ready to Move,2,3,12482,87374000,,3,5,in
1721,3717,1,5900,2,Ready to Move,1,7,6915,40798500,8.0,11,5,Rajhans
1722,3719,2,2650,2,Ready to Move,1,1,6000,15900000,6.0,12,3,Rajhans
1723,3727,2,2500,2,Ready to Move,2,1,10000,25000000,1.0,1,1,Bhagal
1724,3733,1,2340,2,Ready to Move,1,6,19231,45000540,2.0,3,4,in
1725,3734,1,2653,1,Poss. by Jan '27,1,8,6281,16663493,7.0,13,4,Happy
1726,3750,2,3050,2,Ready to Move,2,2,5000,15250000,4.0,10,3,Pratistha
1727,3755,1,2850,2,Ready to Move,3,8,6510,18553500,11.0,13,4,Swagat
1728,3758,1,3100,1,Ready to Move,1,1,7948,24638800,10.0,12,4,Celebrity
1729,3762,1,5300,2,Ready to Move,1,3,10074,53392200,11.0,11,5,Ravani
1730,3766,2,3215,2,Ready to Move,1,3,5910,19000650,12.0,12,4,Rajhans
1731,3771,1,1000,2,Ready to Move,1,3,50000,50000000,4.0,4,4,in
1732,3772,1,2400,2,Ready to Move,1,3,5307,12736800,13.0,13,5,Aagam
1733,3780,1,2400,2,Ready to Move,3,4,6026,14462400,6.0,11,4,Aakash
1734,3792,2,9450,1,Ready to Move,1,3,5291,49999950,5.0,11,5,"Expressions,"
1735,3797,2,3124,2,Ready to Move,3,3,9923,30999452,10.0,13,4,Celebrity
1736,3806,1,2835,1,Ready to Move,1,4,6317,17908695,10.0,13,4,Rajgreen
1737,3807,1,2350,2,Ready to Move,1,4,6200,14570000,10.0,12,3,The
1738,3808,1,1660,2,Poss. by Jan '25,1,3,5236,8691760,5.0,13,4,Happy
1739,3813,1,2500,1,Ready to Move,2,3,5020,12550000,8.0,12,6,Marion
1740,3825,2,2530,2,Ready to Move,1,3,5968,15099040,2.0,11,3,Blu
1741,3851,2,3412,2,Ready to Move,3,4,5129,17500148,4.0,10,3,Milestone
1742,3852,1,245,2,Ready to Move,1,3,13379,3277855,2.0,3,6,in
1743,3853,1,1900,2,Ready to Move,2,8,11842,22499800,,2,4,in
1744,3857,2,4500,2,Ready to Move,1,5,6889,31000500,10.0,10,3,Valencia
1745,3861,2,3740,2,Ready to Move,2,3,7219,26999060,8.0,12,4,Shreepad
1746,3864,1,2600,2,Ready to Move,1,3,10000,26000000,1.0,1,4,in
1747,3874,2,2700,1,Poss. by Dec '27,1,3,6351,17147700,5.0,13,3,Vesu
1748,3875,2,3770,1,Poss. by Apr '26,1,3,5850,22054500,9.0,20,4,Pal
1749,3876,2,2550,1,Poss. by Dec '24,1,3,6500,16575000,6.0,12,3,Vesu
1750,3877,1,2034,1,Poss. by Aug '25,1,3,5000,10170000,4.0,10,4,Dumas
1751,3879,2,8000,1,Poss. by Apr '25,1,3,6301,50408000,11.0,12,5,Vesu
1752,3881,2,3751,1,Poss. by Dec '26,1,3,6500,24381500,5.0,13,4,Pal
1753,3884,2,3047,1,Poss. by Jul '24,1,3,6111,18620217,9.0,13,4,Vesu
1754,3885,2,3250,1,Poss. by Aug '26,1,8,4677,15200250,5.0,13,4,Pal
1755,3887,2,5800,1,Poss. by Dec '25,1,5,9500,55100000,5.0,20,6,Surya
1756,3888,2,5348,1,Ready to Move,1,3,8807,47099836,7.0,12,5,Piplod
1757,3889,2,2915,1,Poss. by Mar '25,1,8,5454,15898410,5.0,13,4,Vesu
1758,3891,2,2493,1,Poss. by Dec '25,1,3,6570,16379010,8.0,13,3,Vesu
1759,3894,1,1917,2,Ready to Move,1,3,6000,11502000,5.0,10,4,Vesu
1760,3896,2,3259,1,Poss. by Mar '25,1,3,4750,15480250,6.0,13,4,Pal
1761,3897,2,3800,1,Poss. by Oct '25,1,3,5105,19399000,9.0,12,4,Pal
1762,3901,2,200,2,Ready to Move,2,3,12500,2500000,,2,4,in
1763,3902,2,3636,1,Ready to Move,1,5,6491,23601276,6.0,10,4,Raghuvir
1764,3906,2,3325,1,Poss. by Sep '25,1,3,6111,20319075,8.0,12,4,Vesu
1765,3907,1,3500,2,Ready to Move,1,8,7433,26015500,9.0,25,5,Casa
1766,3909,2,2538,1,Poss. by Jan '27,1,3,6309,16012242,5.0,13,3,Vesu
1767,3910,1,2000,2,Ready to Move,1,3,5491,10982000,5.0,12,4,Prestige
1768,3911,1,2500,2,Ready to Move,3,1,5890,14725000,10.0,10,4,Empire
1769,3912,2,3200,2,Ready to Move,1,3,5938,19001600,5.0,12,4,Rajhans
1770,3913,2,2705,1,Poss. by Jun '24,1,8,6026,16300330,7.0,12,3,"Aarambh,"
1771,3918,2,5000,1,Poss. by Jun '27,1,3,7000,35000000,5.0,15,4,Vesu
1772,3919,2,6400,1,Poss. by Jun '26,1,3,6301,40326400,18.0,19,5,Pal
1773,3920,2,2750,1,Poss. by Jan '25,1,8,6300,17325000,5.0,12,3,Vesu
1774,3921,1,2040,1,Poss. by Aug '25,1,3,5000,10200000,3.0,10,4,Dumas
1775,3922,1,800,2,Ready to Move,1,3,2716,2172800,,2,5,in
1776,3923,2,4900,1,Poss. by Jan '25,1,3,6300,30870000,7.0,12,4,New
1777,3925,2,4500,1,Poss. by Dec '26,1,3,6500,29250000,6.0,13,4,Pal
1778,3926,1,2724,1,Poss. by Dec '25,1,8,6885,18754740,9.0,11,5,Vesu
1779,3927,1,1238,1,Poss. by Mar '27,1,8,7200,8913600,10.0,21,3,Rander
1780,3929,2,2780,1,Ready to Move,1,8,6000,16680000,5.0,16,3,Vesu
1781,3930,2,5900,1,Poss. by Mar '25,1,3,6898,40698200,7.0,11,5,Rajhans
1782,3936,1,2085,1,Poss. by Jan '26,1,3,8494,17709990,19.0,19,4,Piplod
1783,3937,1,4070,1,Ready to Move,1,3,7500,30525000,12.0,13,6,Vesu
1784,3938,2,3100,1,Poss. by Nov '25,1,3,5871,18200100,5.0,13,4,Vesu
1785,3941,2,149,2,Ready to Move,1,3,11559,1722291,,3,4,in
1786,3942,1,1870,1,Ready to Move,1,5,6111,11427570,6.0,11,4,the
1787,3944,2,2500,1,Ready to Move,1,3,6500,16250000,7.0,12,3,Piplod
1788,3945,1,3750,2,Ready to Move,1,8,5644,21165000,4.0,15,5,Pal
1789,3946,1,1418,1,Poss. by Jun '25,1,3,5857,8305226,5.0,13,3,Milestone
1790,3947,1,3950,2,Ready to Move,1,3,7400,29230000,10.0,13,5,Rajgreen
1791,3948,2,3200,2,Poss. by May '25,1,3,5500,17600000,3.0,13,4,Milestone
1792,3949,1,1900,1,Ready to Move,1,3,5500,10450000,10.0,14,4,Vesu
1793,3953,2,4000,1,Poss. by Dec '24,1,3,7200,28800000,5.0,20,4,Surya
1794,3954,2,4000,1,Poss. by Dec '24,1,3,7000,28000000,7.0,12,4,Surya
1795,3955,1,1966,1,Poss. by Aug '25,1,4,5000,9830000,5.0,10,4,Dumas
1796,3956,2,3800,2,Poss. by May '26,1,3,4868,18498400,5.0,12,4,Pal
1797,3957,2,6300,1,Poss. by Apr '25,1,3,6300,39690000,6.0,12,5,New
1798,3958,2,2250,1,Ready to Move,1,8,6711,15099750,9.0,13,3,VIP
1799,3959,2,5700,1,Poss. by Oct '26,1,3,7000,39900000,5.0,13,5,Pal
1800,3960,2,5460,2,Ready to Move,3,8,8242,45001320,2.0,11,4,Vesu
1801,3961,2,3373,1,Ready to Move,1,8,5752,19401496,5.0,12,4,Vesu
1802,3963,1,1925,1,Ready to Move,1,7,6000,11550000,5.0,16,4,Vesu
1803,3964,2,3800,1,Poss. by Aug '24,1,4,5289,20098200,7.0,12,4,Rajhans
1804,3965,2,2913,1,Poss. by Mar '25,1,8,5454,15887502,5.0,13,4,Vesu
1805,3966,2,6404,1,Poss. by Sep '25,1,3,7800,49951200,16.0,19,5,Vesu
1806,3969,1,2085,1,Poss. by Dec '24,1,3,8599,17928915,17.0,19,4,Piplod
1807,3970,1,2000,1,Ready to Move,1,3,7500,15000000,7.0,18,4,VIP
1808,3971,2,3600,1,Poss. by Oct '24,1,3,5600,20160000,7.0,13,4,Baghban
1809,3973,2,184,2,Ready to Move,2,3,9118,1677712,,3,4,in
1810,3974,1,2248,1,Ready to Move,1,5,7791,17514168,10.0,20,4,Atlanta
1811,3976,2,2831,1,Poss. by Dec '24,1,3,5334,15100554,8.0,13,4,Vesu
1812,3977,1,2500,2,Ready to Move,1,8,5687,14217500,5.0,15,4,Pal
1813,3978,2,3420,1,Ready to Move,1,2,5191,17753220,7.0,13,4,Glorina
1814,3979,2,4378,2,Poss. by Jul '24,1,3,5733,25099074,6.0,12,5,Veer
1815,3980,2,3882,2,Ready to Move,2,7,6981,27100242,5.0,13,4,aventis
1816,3981,1,1750,1,Ready to Move,1,3,5500,9625000,9.0,14,4,Vesu
1817,3985,2,2500,1,Poss. by Apr '25,1,3,6111,15277500,6.0,12,3,Vesu
1818,3986,2,5124,1,Poss. by Oct '24,1,3,7100,36380400,6.0,12,5,Surya
1819,3987,2,3800,1,Poss. by Mar '25,1,3,6000,22800000,6.0,13,4,Vesu
1820,3988,2,4370,1,Poss. by May '27,1,3,6178,26997860,20.0,20,5,Pal
1821,3989,2,9000,1,Poss. by Feb '25,1,8,8000,72000000,11.0,12,5,New
1822,3990,2,3551,1,Poss. by Dec '24,1,8,6421,22800971,8.0,12,4,Vesu
1823,3991,2,3513,1,Poss. by Dec '24,1,3,5454,19159902,5.0,13,4,Baghban
1824,3992,2,4000,2,Ready to Move,1,8,6300,25200000,4.0,20,4,Vesu
1825,3993,2,3500,1,Poss. by Apr '25,1,8,6000,21000000,5.0,13,4,Vesu
1826,3995,2,4000,1,Poss. by Dec '25,1,7,7000,28000000,5.0,20,4,Surya
1827,3996,2,3350,1,Poss. by Dec '25,1,3,6418,21500300,9.0,20,4,Rajhans
1828,3997,2,3818,1,Poss. by Jan '25,1,8,5151,19666518,5.0,13,4,Vesu
1829,3998,2,4158,2,Poss. by Feb '25,1,3,8000,33264000,1.0,10,4,Rundh
1830,3999,2,542,2,Ready to Move,3,7,15556,8431352,,2,2,in
1831,4001,1,1289,2,Ready to Move,3,3,7463,9619807,1.0,10,3,Vesu
1832,4002,1,1800,2,Ready to Move,1,3,4649,8368200,7.0,12,4,Pal
1833,4003,2,2855,1,Poss. by Dec '24,1,3,5800,16559000,7.0,13,4,Veer
1834,4006,1,1460,1,Ready to Move,1,3,5989,8743940,13.0,13,4,DMD
1835,4008,2,3200,1,Poss. by Dec '24,1,3,6031,19299200,9.0,13,4,Vesu
1836,4009,2,2890,2,Ready to Move,3,8,6920,19998800,9.0,12,3,Sangini
1837,4010,2,2735,1,Poss. by Jun '25,1,3,6049,16544015,4.0,12,3,Rajhans
1838,4011,1,2064,1,Poss. by Mar '26,1,3,6318,13040352,10.0,20,4,Pal
1839,4013,2,2570,1,Poss. by Dec '26,1,3,6600,16962000,4.0,13,3,Bharthana
1840,4014,2,5800,1,Poss. by Dec '24,1,3,9517,55198600,6.0,18,4,Surya
1841,4015,2,4200,1,Poss. by Mar '25,1,3,6000,25200000,6.0,13,4,Vesu
1842,4016,2,3770,1,Poss. by May '26,1,3,6101,23000770,6.0,19,4,Pal
1843,4017,2,3250,1,Poss. by Apr '25,1,3,4752,15444000,6.0,13,4,Sangini
1844,4018,2,3850,1,Ready to Move,1,8,7500,28875000,6.0,12,4,Vesu
1845,4019,2,3294,1,Poss. by Oct '25,1,3,4950,16305300,5.0,13,4,Aston
1846,4020,1,3065,1,Poss. by Apr '25,1,8,9882,30288330,2.0,12,5,Vesu
1847,4021,2,3153,1,Ready to Move,1,8,4884,15399252,5.0,13,4,Vesu
1848,4023,2,4000,1,Poss. by Dec '24,1,3,7125,28500000,5.0,20,4,Surya
1849,4024,2,5500,2,Ready to Move,1,3,6364,35002000,9.0,13,4,Rajhans
1850,4025,2,2742,1,Poss. by Oct '26,1,8,6300,17274600,5.0,13,3,Vesu
1851,4026,2,3551,1,Poss. by Nov '25,1,3,6402,22733502,7.0,12,4,Vesu
1852,4027,2,3636,1,Poss. by Dec '24,1,3,7178,26099208,5.0,10,4,Raghuvir
1853,4029,1,2942,1,Ready to Move,1,3,6552,19275984,7.0,12,5,VIP
1854,4031,2,4000,1,Poss. by Jan '25,1,3,4500,18000000,8.0,14,4,Avadh
1855,4034,1,1900,1,Ready to Move,1,5,5710,10849000,11.0,13,4,Pramukh
1856,4036,2,3200,1,Poss. by Dec '24,1,3,5938,19001600,9.0,13,4,Vesu
1857,4038,2,4590,1,Ready to Move,1,5,5708,26199720,2.0,13,4,Avantis
1858,4039,1,1778,1,Poss. by Jun '26,1,3,4763,8468614,5.0,12,4,Pal
1859,4041,2,5500,1,Poss. by Jun '27,1,3,8191,45050500,9.0,18,4,Citylight
1860,4042,2,3800,1,Poss. by Jan '25,1,8,6300,23940000,5.0,12,4,Vesu
1861,4043,2,3450,1,Poss. by Dec '24,1,8,4500,15525000,6.0,12,3,Dumas
1862,4044,2,2700,1,Ready to Move,1,3,6000,16200000,5.0,13,3,Vesu
1863,4045,2,4000,1,Poss. by Jan '25,1,3,4988,19952000,12.0,13,5,Pal
1864,4046,1,3000,2,Ready to Move,3,1,10909,32727000,7.0,10,4,Vesu
1865,4047,2,3261,1,Poss. by Jun '25,1,3,5501,17938761,6.0,13,4,Sangini
1866,4049,2,2741,1,Poss. by Jun '24,1,3,6050,16583050,7.0,13,3,Vesu
1867,4051,2,5000,1,Poss. by Dec '24,1,3,7000,35000000,5.0,20,5,Surya
1868,4052,2,7150,1,Ready to Move,1,3,7790,55698500,8.0,14,5,Surya
1869,4057,2,160,2,Ready to Move,3,3,19097,3055520,,2,5,in
1870,4059,2,3770,1,Poss. by Mar '25,1,3,5850,22054500,7.0,13,4,Central
1871,4061,2,184,1,Ready to Move,2,3,9118,1677712,,3,5,in
1872,4062,1,1650,1,Poss. by Jul '25,1,5,5500,9075000,9.0,13,4,Happy
1873,4063,2,162,2,Ready to Move,2,3,17901,2899962,1.0,1,4,in
1874,4064,2,3336,1,Poss. by Nov '24,1,3,6651,22187736,8.0,12,4,"Agastya,"
1875,4065,2,3285,1,Ready to Move,1,2,5751,18892035,5.0,13,4,Milestone
1876,4066,2,2800,1,Ready to Move,1,7,6000,16800000,3.0,13,3,Avantis
1877,4067,1,1688,1,Poss. by Jun '25,1,3,5550,9368400,9.0,12,4,Adajan
1878,4069,2,4400,1,Poss. by Apr '27,1,3,7600,33440000,5.0,13,4,Avadh
1879,4070,2,5000,1,Poss. by Jan '25,1,8,6300,31500000,5.0,12,5,Vesu
1880,4071,2,4000,1,Poss. by Sep '24,1,8,4500,18000000,7.0,12,4,Dumas
1881,4072,2,4500,1,Ready to Move,1,3,6000,27000000,7.0,13,4,Vesu
1882,4073,2,3800,1,Poss. by Apr '25,1,8,5000,19000000,12.0,13,4,Shivam
1883,4074,2,3636,1,Ready to Move,1,8,6500,23634000,7.0,12,4,Vesu
1884,4075,2,3401,1,Poss. by Dec '27,1,3,5601,19049001,5.0,13,4,Raghuvir
1885,4076,2,8300,1,Poss. by Apr '25,1,3,9795,81298500,17.0,18,6,Piplod
1886,4077,2,5700,1,Poss. by Jun '24,1,3,6500,37050000,13.0,13,5,Pal
1887,4079,2,3200,1,Poss. by Dec '24,1,8,5850,18720000,5.0,11,4,Vesu
1888,4080,2,3047,1,Poss. by Dec '25,1,3,5907,17998629,9.0,13,4,Freedom
1889,4083,2,180,2,Ready to Move,3,7,40358,7264440,,2,3,in
1890,4085,1,1953,1,Ready to Move,1,3,6570,12831210,5.0,13,4,Millionaires
1891,4087,2,6000,1,Poss. by Nov '25,1,8,7167,43002000,7.0,13,5,Roongta
1892,4088,2,3500,2,Poss. by May '25,1,3,5700,19950000,6.0,12,4,Avadh
1893,4089,2,182,1,Ready to Move,2,3,9219,1677858,,3,5,in
1894,4090,1,2310,1,Poss. by Dec '24,1,5,5714,13199340,8.0,13,4,Avadh
1895,4092,2,3047,1,Ready to Move,1,3,5940,18099180,8.0,12,4,Freedom
1896,4093,2,3420,1,Ready to Move,1,2,5526,18898920,7.0,13,4,Glorina
1897,4094,2,2450,2,Ready to Move,3,3,7347,18000150,9.0,12,3,Sangini
1898,4095,1,2238,1,Poss. by Dec '24,1,3,6100,13651800,9.0,13,4,Adajan
1899,4097,1,1371,1,Poss. by Dec '25,1,3,6251,8570121,4.0,13,3,VIP
1900,4098,2,4200,1,Poss. by Dec '24,1,3,7600,31920000,5.0,12,5,VIP
1901,4099,2,4200,1,Poss. by Sep '24,1,8,4500,18900000,7.0,12,4,Dumas
1902,4101,2,4600,1,Poss. by Apr '25,1,8,5000,23000000,12.0,13,5,Veer
1903,4102,1,3275,2,Ready to Move,1,3,6875,22515625,8.0,12,4,Vesu
1904,4103,2,3067,1,Poss. by Jun '25,1,3,5850,17941950,7.0,13,4,Veer
1905,4104,2,4500,1,Poss. by Mar '25,1,3,8311,37399500,3.0,18,4,Piplod
1906,4105,1,2646,1,Ready to Move,1,4,6425,17000550,3.0,3,5,in
1907,4108,2,3400,1,Poss. by Dec '26,1,3,5294,17999600,5.0,12,4,Bblossom
1908,4110,2,3000,2,Poss. by May '25,1,8,6500,19500000,7.0,12,3,Sangini
1909,4113,2,3000,2,Ready to Move,1,3,8000,24000000,5.0,12,3,Ascon
1910,4114,1,3250,1,Poss. by Apr '26,1,3,7500,24375000,5.0,19,5,Vesu
1911,4115,2,4050,1,Poss. by Nov '25,1,8,7284,29500200,5.0,13,4,Roongta
1912,4116,2,2650,2,Ready to Move,1,3,6500,17225000,11.0,12,3,Samprati
1913,4117,1,1760,1,Ready to Move,1,5,6000,10560000,7.0,13,4,Rajhans
1914,4118,2,2700,1,Ready to Move,2,3,12259,33099300,,3,5,in
1915,4119,2,2700,1,Ready to Move,1,3,5600,15120000,9.0,12,3,"Aarambh,"
1916,4120,2,3369,2,Ready to Move,1,8,6708,22599252,9.0,12,4,Samprati
1917,4121,2,3577,1,Ready to Move,1,3,6500,23250500,4.0,13,4,DMD
1918,4122,1,1985,1,Ready to Move,1,3,4532,8996020,6.0,12,4,Vaishnodevi
1919,4124,1,1680,1,Poss. by Jun '26,1,1,6390,10735200,10.0,13,4,Piplod
1920,4125,2,4000,1,Poss. by Dec '24,1,3,7600,30400000,4.0,12,4,VIP
1921,4126,2,5000,1,Poss. by Mar '25,1,8,6000,30000000,6.0,12,5,Vesu
1922,4127,2,168,1,Ready to Move,1,3,26455,4444440,,3,6,in
1923,4128,2,2962,1,Poss. by Apr '25,1,3,5991,17745342,7.0,12,4,Happy
1924,4129,2,3581,1,Poss. by Mar '26,1,8,5613,20100153,9.0,13,4,Dumas
1925,4130,2,6300,2,Ready to Move,1,3,7523,47394900,16.0,20,5,Casa
1926,4131,2,3075,1,Poss. by Oct '24,1,8,5991,18422325,2.0,19,4,Vesu
1927,4132,2,3261,1,Poss. by Aug '25,1,3,5652,18431172,5.0,10,4,Pal
1928,4134,2,3400,1,Poss. by Dec '26,1,1,5800,19720000,5.0,12,4,Atmosphere
1929,4135,2,5500,1,Poss. by Dec '26,1,3,7191,39550500,5.0,12,4,Avadh
1930,4136,2,3336,1,Poss. by Jan '25,1,8,7050,23518800,6.0,12,4,"Agastya,"
1931,4137,2,3000,2,Poss. by May '25,1,8,6500,19500000,6.0,20,4,Sangini
1932,4138,2,4600,1,Poss. by Mar '28,1,3,7002,32209200,2.0,10,4,Unison
1933,4140,2,167,2,Ready to Move,3,3,19960,3333320,,3,4,in
1934,4141,1,3000,1,Ready to Move,1,8,6600,19800000,8.0,12,5,Vesu
1935,4142,2,3515,2,Ready to Move,3,3,7112,24998680,5.0,12,4,Shyam
1936,4143,1,1634,1,Ready to Move,1,5,5600,9150400,16.0,20,4,Superia
1937,4144,2,2000,2,Ready to Move,2,3,9000,18000000,,2,4,in
1938,4145,2,3700,1,Ready to Move,1,3,5600,20720000,10.0,12,4,"Aarambh,"
1939,4146,1,1855,2,Ready to Move,1,8,6706,12439630,9.0,12,4,Samprati
1940,4147,2,3671,1,Ready to Move,1,3,5200,19089200,16.0,18,4,Savan
1941,4148,1,2063,1,Poss. by Jun '26,1,3,5750,11862250,15.0,19,4,Central
1942,4150,2,3400,1,Poss. by Aug '24,1,3,5751,19553400,5.0,12,4,Abhva
1943,4151,2,4675,1,Poss. by Jul '24,1,8,6802,31799350,7.0,12,5,DMD
1944,4154,2,3707,1,Ready to Move,1,3,4700,17422900,7.0,13,4,Shree
1945,4155,2,4351,1,Ready to Move,1,8,6500,28281500,8.0,12,5,Vesu
1946,4156,2,3770,1,Poss. by Oct '26,1,3,5850,22054500,5.0,13,4,Central
1947,4157,2,3113,2,Ready to Move,1,3,6200,19300600,7.0,14,4,Millionaires
1948,4158,2,2500,1,Poss. by Jun '25,1,8,6480,16200000,5.0,13,3,VIP
1949,4160,2,3500,2,Poss. by Dec '25,1,3,7457,26099500,12.0,19,4,Rajhans
1950,4161,2,3600,1,Poss. by Apr '25,1,4,4500,16200000,10.0,12,4,Avadh
1951,4162,2,3150,1,Poss. by Mar '25,1,8,6490,20443500,5.0,18,4,The
1952,4163,1,6475,1,Poss. by Jun '26,1,3,11892,77000700,2.0,13,6,Avadh
1953,4166,2,3851,2,Ready to Move,3,3,5059,19482209,12.0,13,4,Swagat
1954,4169,1,1733,1,Ready to Move,1,5,5400,9358200,5.0,13,4,Glorina
1955,4171,2,5500,1,Poss. by Dec '24,1,3,7200,39600000,9.0,12,4,Avadh
1956,4172,2,2705,1,Ready to Move,1,7,5582,15099310,5.0,13,3,"Aarambh,"
1957,4173,1,1778,1,Ready to Move,1,3,5100,9067800,6.0,11,4,Pratham
1958,4175,2,3400,1,Poss. by Dec '26,1,3,5700,19380000,6.0,13,4,Magdalla
1959,4176,2,2359,1,Poss. by Oct '24,1,8,6486,15300474,5.0,12,3,DMD
1960,4177,2,3500,1,Poss. by Mar '25,1,3,5714,19999000,6.0,13,4,Vesu
1961,4178,1,2000,1,Poss. by May '25,1,3,6000,12000000,6.0,12,4,Pal
1962,4179,1,2585,2,Ready to Move,3,5,8265,21365025,5.0,11,3,Pal
1963,4180,2,6400,1,Poss. by Jul '26,1,3,5850,37440000,5.0,13,5,Central
1964,4181,2,5460,2,Ready to Move,1,8,8242,45001320,2.0,12,4,Surya
1965,4182,2,3550,1,Poss. by Dec '26,1,8,6691,23753050,7.0,12,4,"Agastya,"
1966,4184,2,2829,1,Ready to Move,1,1,6696,18942984,3.0,19,3,Sangini
1967,4185,2,4350,2,Ready to Move,1,4,7800,33930000,5.0,19,4,Sangini
1968,4186,2,2582,1,Ready to Move,1,5,6000,15492000,5.0,11,3,Sangini
1969,4187,1,1909,1,Poss. by Dec '24,1,3,5450,10404050,5.0,12,4,Bblossom
1970,4188,2,3400,2,Ready to Move,1,8,5735,19499000,11.0,13,4,Royal
1971,4190,2,2870,2,Ready to Move,3,3,8711,25000570,4.0,10,4,Shyam
1972,4192,2,2580,2,Ready to Move,1,3,6700,17286000,1.0,12,3,sangini
1973,4193,1,2530,1,Ready to Move,1,5,6851,17333030,7.0,9,4,Unison
1974,4195,2,3400,1,Poss. by Dec '24,1,3,5700,19380000,10.0,13,4,Avadh
1975,4196,2,3153,2,Ready to Move,1,3,5503,17350959,11.0,13,4,Glorina
1976,4197,2,3350,1,Poss. by Oct '24,1,3,6591,22079850,7.0,14,4,Rajhans
1977,4198,1,1983,2,Ready to Move,1,3,4474,8871942,7.0,12,4,Vaishnodevi
1978,4200,2,5500,1,Poss. by Apr '26,1,3,7291,40100500,5.0,13,5,Piplod
1979,4201,2,3510,1,Poss. by Sep '24,1,8,6809,23899590,7.0,12,4,DMD
1980,4202,2,3500,1,Poss. by Sep '24,1,8,4500,15750000,7.0,12,4,Dumas
1981,4203,1,3200,1,Poss. by Jul '25,1,3,6136,19635200,4.0,13,5,Pal
1982,4204,2,4545,2,Ready to Move,3,3,8801,40000545,7.0,13,4,Vesu
1983,4205,2,3500,1,Poss. by Dec '25,1,3,5857,20499500,5.0,13,4,Shivansh
1984,4206,2,7150,2,Ready to Move,1,8,12028,86000200,2.0,11,5,Surya
1985,4207,2,2650,1,Poss. by Dec '24,1,8,6226,16498900,5.0,12,3,Sangini
1986,4209,2,2750,1,Poss. by Dec '26,1,3,6051,16640250,5.0,12,3,Rajhans
1987,4210,2,2829,1,Ready to Move,1,3,7070,20001030,5.0,20,3,Sangini
1988,4211,2,3113,1,Poss. by Jan '25,1,8,6660,20732580,5.0,12,4,Millionaires
1989,4212,2,4436,1,Poss. by Sep '25,1,3,5850,25950600,4.0,12,4,Milestone
1990,4213,2,9962,2,Ready to Move,1,8,6500,64753000,2.0,13,6,Cellestial
1991,4214,1,1624,1,Ready to Move,1,3,6102,9909648,5.0,11,3,Sangini
1992,4216,1,1860,2,Ready to Move,1,5,6333,11779380,7.0,13,4,Ashirwad
1993,4217,2,7150,1,Ready to Move,1,3,7800,55770000,8.0,12,5,Surya
1994,4218,2,3376,1,Poss. by Jun '25,1,3,5717,19300592,5.0,13,4,Milestone
1995,4219,2,2350,1,Ready to Move,1,3,6596,15500600,3.0,14,3,sangini
1996,4220,1,1980,1,Ready to Move,1,3,5500,10890000,9.0,10,4,Baghban
1997,4221,2,4000,1,Ready to Move,1,3,6800,27200000,5.0,13,4,Surya
1998,4222,1,1402,1,Poss. by Oct '26,1,3,6351,8904102,5.0,13,3,Althan
1999,4223,2,3200,1,Poss. by Jan '25,1,8,6200,19840000,7.0,12,4,Rajhans
2000,4224,2,3600,1,Poss. by Sep '24,1,8,4500,16200000,7.0,12,4,Dumas
2001,4225,2,5700,1,Ready to Move,1,3,6900,39330000,6.0,12,5,Vesu
2002,4226,2,3400,1,Poss. by Aug '24,1,3,5382,18298800,8.0,12,4,"Aarambh,"
2003,4227,2,2359,1,Poss. by Sep '24,1,8,6486,15300474,5.0,12,3,DMD
2004,4229,2,3800,1,Ready to Move,1,1,6700,25460000,3.0,20,4,Sangini
2005,4230,2,2500,1,Ready to Move,1,3,6800,17000000,5.0,13,3,sangini
2006,4231,2,3810,1,Poss. by Dec '24,1,3,6491,24730710,3.0,18,4,The
2007,4234,1,1402,1,Ready to Move,1,5,6118,8577436,6.0,11,3,The
2008,4235,2,3211,1,Poss. by Sep '24,1,3,5761,18498571,4.0,13,4,Milestone
2009,4236,2,4100,1,Ready to Move,1,4,6600,27060000,5.0,14,4,Rajhans
2010,4237,1,1686,1,Poss. by Jul '24,1,3,5400,9104400,9.0,12,4,Veer
2011,4238,2,5124,1,Poss. by Jul '24,1,3,6800,34843200,7.0,12,5,Surya
2012,4239,1,1200,2,Ready to Move,2,3,15000,18000000,,2,3,in
2013,4240,2,2650,1,Poss. by Jan '25,1,8,6200,16430000,6.0,12,3,Rajhans
2014,4241,2,3700,1,Poss. by Sep '24,1,8,4500,16650000,7.0,12,4,Dumas
2015,4242,2,5135,1,Poss. by May '25,1,3,6816,35000160,6.0,12,5,Vesu
2016,4243,2,2565,1,Poss. by Sep '24,1,8,6472,16600680,5.0,12,3,DMD
2017,4245,2,2650,1,Ready to Move,1,3,6200,16430000,5.0,12,3,Sangini
2018,4246,2,4000,1,Poss. by Jun '27,1,3,7475,29900000,8.0,12,4,Sangini
2019,4247,2,3150,1,Poss. by Dec '24,1,3,6491,20446650,3.0,18,4,The
2020,4248,2,4158,1,Poss. by Aug '24,1,3,8900,37006200,5.0,10,4,Roland
2021,4250,1,1595,1,Poss. by Feb '25,1,5,5500,8772500,7.0,13,4,"Greenopolis,"
2022,4251,2,2984,1,Ready to Move,1,3,5201,15519784,2.0,14,4,Superia
2023,4252,2,4967,1,Ready to Move,1,3,8000,39736000,8.0,19,5,Casa
2024,4253,1,2800,2,Ready to Move,1,4,7391,20694800,1.0,2,4,in
2025,4254,2,6140,1,Poss. by Oct '24,1,8,6891,42310740,6.0,12,5,Rajhans
2026,4255,2,3800,1,Poss. by Sep '24,1,8,4500,17100000,7.0,12,4,Dumas
2027,4256,2,3810,1,Poss. by May '25,1,3,7349,27999690,6.0,18,4,Vesu
2028,4257,2,5276,1,Poss. by Apr '25,1,8,5699,30067924,5.0,13,5,Avadh
2029,4259,2,3152,1,Ready to Move,1,3,5203,16399856,5.0,12,4,Glorina
2030,4260,2,5800,1,Poss. by Dec '25,1,3,6897,40002600,10.0,18,5,Sangini
2031,4261,2,3513,1,Poss. by Jun '25,1,3,7051,24770163,3.0,13,4,"Agastya,"
2032,4262,2,7600,1,Poss. by Aug '24,1,1,8900,67640000,9.0,10,6,Roland
2033,4263,2,3500,1,Poss. by Jun '24,1,3,5500,19250000,9.0,19,4,Vesu
2034,4264,1,1925,1,Poss. by Dec '25,1,5,5700,10972500,7.0,13,4,Avadh
2035,4265,2,4000,1,Poss. by Aug '24,1,3,6000,24000000,4.0,9,4,Pal
2036,4266,2,5600,1,Poss. by Dec '24,1,3,6393,35800800,5.0,13,5,Avadh
2037,4267,2,2860,1,Poss. by Dec '24,1,8,6051,17305860,6.0,12,3,Rajhans
2038,4268,2,3900,1,Poss. by Sep '24,1,8,4500,17550000,7.0,12,4,Dumas
2039,4270,2,4850,1,Poss. by Jun '24,1,3,4747,23022950,7.0,13,4,The
2040,4272,2,2980,2,Ready to Move,1,1,5168,15400640,3.0,12,4,Avadh
2041,4274,2,3400,1,Poss. by Aug '24,1,3,5600,19040000,5.0,14,4,Atmosphere
2042,4275,2,2450,1,Ready to Move,1,4,6500,15925000,13.0,13,3,sangini
2043,4277,1,1650,2,Ready to Move,1,5,6333,10449450,12.0,12,4,Ascon
2044,4278,2,3200,1,Poss. by Jul '24,1,3,5000,16000000,13.0,13,4,"Sattvam,"
2045,4279,1,3080,1,Poss. by Jun '25,1,3,7500,23100000,5.0,18,5,Sangini
2046,4280,2,3500,1,Poss. by Jan '25,1,8,6051,21178500,5.0,12,4,Rajhans
2047,4281,2,5000,1,Poss. by Mar '25,1,3,6000,30000000,6.0,13,4,Vesu
2048,4283,2,3755,1,Poss. by Jun '24,1,3,4971,18666105,13.0,13,4,The
2049,4285,2,3800,2,Ready to Move,1,3,7474,28401200,12.0,19,4,Sangini
2050,4286,2,3700,1,Ready to Move,1,3,5676,21001200,10.0,13,4,Laxmi
2051,4287,2,2350,1,Ready to Move,1,3,6500,15275000,1.0,13,3,sangini
2052,4289,1,1850,2,Ready to Move,1,5,5634,10422900,7.0,11,4,Om
2053,4291,2,3000,1,Poss. by Dec '25,1,3,6500,19500000,3.0,20,3,Sangini
2054,4292,2,4491,1,Poss. by Jun '24,1,3,6791,30498381,7.0,13,4,Roongta
2055,4293,2,3000,1,Poss. by Mar '25,1,3,5700,17100000,8.0,12,4,Vesu
2056,4294,2,150,1,Ready to Move,1,3,31481,4722150,,3,6,in
2057,4295,1,2825,1,Ready to Move,1,3,7011,19806075,9.0,11,5,Shaligram
2058,4297,1,3300,1,Poss. by Dec '24,1,5,8000,26400000,7.0,11,5,Triyom
2059,4298,2,2705,1,Ready to Move,1,3,5693,15399565,8.0,13,3,Laxmi
2060,4299,2,2962,1,Poss. by Dec '24,1,8,5991,17745342,5.0,14,4,Happy
2061,4301,1,1488,1,Ready to Move,1,5,5637,8387856,7.0,13,3,Laxmi
2062,4303,1,2236,1,Poss. by Jun '26,1,3,7316,16358576,3.0,19,4,Roongta
2063,4304,2,3376,1,Poss. by Jun '24,1,3,5835,19698960,8.0,13,4,Milestone
2064,4305,2,6800,1,Poss. by Mar '25,1,3,5200,35360000,11.0,12,5,Dumas
2065,4307,2,3211,1,Poss. by Aug '24,1,8,5263,16899493,8.0,13,4,Milestone
2066,4308,2,4675,1,Poss. by Dec '27,1,1,6802,31799350,5.0,12,5,DMD
2067,4309,2,5260,2,Poss. by Dec '27,1,4,5703,29997780,8.0,12,5,Avadh
2068,4310,2,3767,1,Poss. by Dec '24,1,3,5991,22568097,5.0,14,4,Happy
2069,4312,1,2033,1,Ready to Move,1,5,5627,11439691,5.0,12,4,Laxmi
2070,4314,1,2640,1,Poss. by Jun '26,1,3,7191,18984240,5.0,13,4,Rajhans
2071,4315,2,4000,1,Poss. by Jun '24,1,3,8000,32000000,6.0,13,4,Sangini
2072,4316,2,3600,1,Poss. by Mar '25,1,3,5000,18000000,5.0,12,4,Dumas
2073,4318,2,3600,1,Ready to Move,1,8,4500,16200000,7.0,13,4,Avadh
2074,4319,2,3510,1,Poss. by Dec '27,1,3,6809,23899590,1.0,12,4,DMD
2075,4320,2,3600,1,Poss. by Dec '27,1,3,5694,20498400,8.0,13,4,Avadh
2076,4321,2,3551,1,Poss. by Oct '25,1,8,6398,22719298,5.0,12,4,Raghuvir
2077,4322,1,1650,1,Poss. by Mar '25,1,3,5600,9240000,5.0,12,4,Vesu
2078,4323,1,1930,1,Ready to Move,1,5,6500,12545000,7.0,11,4,DMD
2079,4325,2,4351,1,Poss. by Dec '25,1,3,5700,24800700,5.0,13,4,Avadh
2080,4326,2,3800,1,Poss. by Jun '24,1,3,5684,21599200,7.0,13,4,Avadh
2081,4327,1,2393,1,Ready to Move,1,3,7200,17229600,8.0,12,5,Raghuvir
2082,4328,1,2500,1,Ready to Move,1,3,9102,22755000,6.0,12,4,Newtone
2083,4329,2,3600,1,Poss. by Dec '24,1,3,5278,19000800,12.0,13,4,Avadh
2084,4330,2,3047,1,Poss. by Dec '26,1,1,5907,17998629,5.0,12,4,Freedom
2085,4331,2,5600,1,Poss. by Dec '25,1,3,6000,33600000,9.0,13,5,Avadh
2086,4332,2,2400,1,Ready to Move,1,3,6300,15120000,1.0,20,3,Sky
2087,4334,1,1870,1,Ready to Move,1,5,5471,10230770,7.0,13,4,Atmosphere
2088,4336,2,3133,1,Poss. by Jun '25,1,3,7200,22557600,5.0,12,4,DMD
2089,4337,1,2500,1,Poss. by Jun '24,1,3,6100,15250000,7.0,13,4,Avadh
2090,4338,2,4500,1,Poss. by Sep '24,1,8,4489,20200500,7.0,12,4,Dumas
2091,4339,2,3047,1,Poss. by Dec '24,1,8,5481,16700607,5.0,13,4,Freedom
2092,4340,2,3700,1,Ready to Move,1,3,5800,21460000,5.0,12,4,Laxmi
2093,4341,2,3113,1,Poss. by Dec '24,1,3,6521,20299873,8.0,14,4,Millionaires
2094,4342,2,4150,1,Ready to Move,1,1,7500,31125000,2.0,17,4,Sangini
2095,4343,1,5338,2,Poss. by Oct '25,1,3,5902,31504876,11.0,12,6,Avadh
2096,4344,1,2250,1,Ready to Move,1,5,6805,15311250,7.0,13,4,Rajhans
2097,4346,1,2310,1,Poss. by Dec '24,1,3,5786,13365660,5.0,12,4,Milestone
2098,4347,2,3133,1,Poss. by Dec '24,1,3,6799,21301267,5.0,12,4,DMD
2099,4349,2,7150,1,Ready to Move,1,3,8000,57200000,5.0,11,5,Surya
2100,4350,2,4200,1,Poss. by Dec '25,1,3,6000,25200000,7.0,12,4,Avadh
2101,4351,2,3000,1,Poss. by Dec '25,1,3,6750,20250000,3.0,20,3,Sangini
2102,4352,1,2915,2,Poss. by Oct '25,1,3,5700,16615500,5.0,12,5,Avadh
2103,4353,1,3135,1,Ready to Move,1,5,6851,21477885,7.0,9,5,Unison
2104,4355,2,3200,1,Poss. by Jul '24,1,3,5688,18201600,4.0,13,4,Rajhans
2105,4356,2,2550,1,Poss. by Jun '24,1,3,5922,15101100,7.0,13,3,The
2106,4358,2,2700,1,Ready to Move,1,3,5800,15660000,5.0,12,3,"Aarambh,"
2107,4359,2,3000,1,Poss. by Sep '25,1,3,6500,19500000,8.0,20,3,Sangini
2108,4360,2,2830,1,Ready to Move,1,4,7350,20800500,16.0,20,3,Sangini
2109,4362,1,1375,2,Ready to Move,1,5,6300,8662500,6.0,12,3,sangini
2110,4365,2,3400,1,Poss. by Jun '24,1,3,5912,20100800,5.0,13,4,The
2111,4366,2,2831,1,Poss. by Aug '24,1,1,5500,15570500,5.0,12,4,"Greenopolis,"
2112,4367,2,8000,1,Poss. by Dec '26,1,3,9500,76000000,9.0,17,5,Rajhans
2113,4368,2,3551,1,Poss. by Jul '25,1,3,6402,22733502,5.0,12,4,Raghuvir
2114,4369,1,1650,2,Ready to Move,1,5,5300,8745000,6.0,10,4,Milestone
2115,4371,2,5500,1,Poss. by Jun '24,1,3,7200,39600000,6.0,13,4,Avadh
2116,4372,2,3600,1,Poss. by Mar '25,1,3,6000,21600000,6.0,13,4,Vesu
2117,4373,2,5302,1,Poss. by Dec '27,1,3,8000,42416000,5.0,12,5,Triyom
2118,4374,2,6095,1,Poss. by Dec '26,1,3,9000,54855000,9.0,13,4,Avadh
2119,4375,2,3376,1,Poss. by Dec '26,1,3,5940,20053440,5.0,13,4,Milestone
2120,4376,1,2600,1,Ready to Move,1,5,6200,16120000,5.0,13,4,Roongta
2121,4378,2,4200,1,Poss. by Jun '24,1,3,7381,31000200,7.0,13,4,Atlanta
2122,4379,2,3700,1,Poss. by Mar '25,1,3,6000,22200000,6.0,13,4,Vesu
2123,4380,1,1925,1,Poss. by Dec '25,1,5,6500,12512500,5.0,12,4,Millionaires
2124,4381,2,4100,1,Ready to Move,1,4,7000,28700000,10.0,12,4,Rajhans
2125,4382,2,3398,1,Poss. by Dec '24,1,3,5991,20357418,5.0,14,4,Happy
2126,4383,1,1456,1,Ready to Move,1,5,6000,8736000,4.0,13,3,Rajhans
2127,4385,2,4100,1,Poss. by Jun '24,1,3,6488,26600800,7.0,13,4,Rajhans
2128,4386,2,4600,1,Poss. by Mar '25,1,3,6000,27600000,6.0,13,4,Vesu
2129,4387,2,4150,2,Ready to Move,1,3,7500,31125000,2.0,19,4,Sangini
2130,4388,2,2650,1,Poss. by Dec '24,1,3,6302,16700300,7.0,13,3,Sangini
2131,4391,2,3693,1,Poss. by Jun '24,1,3,5497,20300421,8.0,13,4,Laxmi
2132,4392,2,3550,1,Poss. by Mar '25,1,3,6000,21300000,6.0,13,4,Vesu
2133,4393,2,7535,1,Ready to Move,1,3,6800,51238000,5.0,12,5,Rajgreen
2134,4394,2,4800,1,Poss. by Dec '26,1,3,7375,35400000,8.0,12,4,Rajhans
2135,4397,2,6200,1,Poss. by Jun '24,1,3,7500,46500000,6.0,13,5,Sangini
2136,4398,2,3650,1,Poss. by Mar '25,1,3,6000,21900000,6.0,13,4,Vesu
2137,4399,2,9450,2,Ready to Move,1,5,4794,45303300,7.0,19,5,"Expressions,"
2138,4400,2,2800,1,Poss. by May '25,1,4,6071,16998800,10.0,12,3,Rajhans
2139,4403,2,3100,1,Poss. by Jan '25,1,8,6490,20119000,5.0,12,4,The
2140,4404,2,2505,1,Poss. by Dec '24,1,8,6111,15308055,5.0,12,3,Freedom
2141,4405,2,6500,1,Ready to Move,1,1,5000,32500000,6.0,12,5,Aakash
2142,4406,2,3550,1,Poss. by Dec '26,1,3,6958,24700900,8.0,12,4,"Agastya,"
2143,4408,2,3830,1,Ready to Move,1,3,6527,24998410,6.0,12,4,White
2144,4409,2,3800,1,Poss. by Jan '25,1,8,6490,24662000,5.0,12,4,The
2145,4410,2,2487,1,Poss. by Dec '24,1,8,6111,15198057,6.0,12,3,Freedom
2146,4411,1,3410,1,Poss. by Jun '27,1,7,7500,25575000,5.0,16,5,Sangini
2147,4412,2,2600,1,Poss. by Jul '24,1,3,6200,16120000,7.0,12,3,sangini
2148,4413,2,3336,1,Poss. by Jan '25,1,8,7051,23522136,4.0,12,4,"Agastya,"
2149,4414,2,3047,1,Poss. by Dec '24,1,8,6111,18620217,5.0,12,4,Freedom
2150,4416,2,7150,1,Ready to Move,1,3,8531,60996650,2.0,12,5,Surya
2151,4417,2,3450,1,Poss. by Jan '25,1,8,7500,25875000,5.0,13,4,Pramukh
2152,4418,2,2587,1,Poss. by Dec '24,1,3,6111,15809157,6.0,12,3,Freedom
2153,4419,2,4500,2,Ready to Move,1,1,6667,30001500,6.0,13,4,Green
2154,4420,2,3810,1,Poss. by Jul '24,1,3,6191,23587710,5.0,13,4,The
2155,4421,1,2800,1,Poss. by Dec '24,1,8,6000,16800000,6.0,12,4,Milestone
2156,4422,1,2200,1,Poss. by May '25,1,3,8500,18700000,8.0,11,4,Roland
2157,4423,1,5701,2,Ready to Move,1,1,3492,19907892,7.0,19,5,"Expressions,"
2158,4424,2,2578,1,Poss. by Aug '24,1,3,6000,15468000,5.0,12,3,Milestone
2159,4425,2,3275,1,Poss. by Dec '24,1,3,6660,21811500,4.0,12,4,Millionaires
2160,4426,1,2309,1,Poss. by Jan '26,1,3,5700,13161300,9.0,11,4,Avadh
2161,4427,1,2090,1,Ready to Move,1,5,6500,13585000,5.0,12,4,Samprati
2162,4428,2,5700,1,Poss. by Aug '24,1,8,6600,37620000,5.0,12,5,Unison
2163,4429,2,2493,1,Poss. by Nov '24,1,8,6570,16379010,5.0,12,3,"Ambience,"
2164,4430,1,1980,1,Ready to Move,1,3,4500,8910000,10.0,13,4,Avadh
2165,4431,1,2338,1,Ready to Move,1,1,7765,18154570,5.0,14,4,Atlanta
2166,4432,2,5553,1,Poss. by Jul '24,1,3,7500,41647500,7.0,12,5,Roongta
2167,4433,2,3325,1,Poss. by Nov '24,1,8,6570,21845250,5.0,12,4,"Ambience,"
2168,4434,1,1870,1,Poss. by Jan '25,1,3,5931,11090970,7.0,11,4,The
2169,4435,2,3900,2,Ready to Move,1,1,5487,21399300,5.0,11,4,Union
2170,4436,2,4000,1,Poss. by Jul '24,1,3,7300,29200000,7.0,12,4,Roongta
2171,4437,1,2340,1,Poss. by Nov '24,1,8,7000,16380000,5.0,12,4,Milestone
2172,4438,2,2980,2,Ready to Move,3,3,6040,17999200,1.0,12,4,Avadh
2173,4439,1,1900,1,Poss. by Dec '27,1,7,7000,13300000,5.0,12,4,Pramukh
2174,4440,2,6000,1,Poss. by Jul '24,1,3,7300,43800000,7.0,12,5,Roongta
2175,4441,2,7150,1,Poss. by Nov '24,1,8,7500,53625000,5.0,12,5,Surya
2176,4442,1,2475,1,Poss. by Sep '25,1,3,4500,11137500,5.0,11,4,The
2177,4443,2,7500,1,Poss. by Dec '25,1,6,7200,54000000,5.0,11,6,Rajhans
2178,4444,2,9222,1,Poss. by Jul '24,1,3,7800,71931600,12.0,12,5,Roongta
2179,4445,2,4500,1,Poss. by Sep '24,1,3,7200,32400000,4.0,12,5,SURYA
2180,4446,1,1430,1,Ready to Move,1,3,6000,8580000,8.0,11,3,Sangini
2181,4447,2,3500,1,Poss. by Dec '25,1,5,6700,23450000,5.0,10,4,"Agastya,"
2182,4448,2,4350,1,Poss. by Jul '24,1,3,7800,33930000,7.0,12,4,Atlanta
2183,4449,2,8000,1,Poss. by Oct '24,1,3,5400,43200000,12.0,12,6,SURYA
2184,4450,2,7150,1,Poss. by Dec '25,1,5,8000,57200000,5.0,14,5,Surya
2185,4451,2,6800,1,Poss. by Jul '24,1,3,8125,55250000,12.0,12,5,Atlanta
2186,4452,2,6000,1,Ready to Move,1,8,7300,43800000,6.0,12,5,Roongta
2187,4453,1,1595,1,Poss. by Dec '25,1,6,6200,9889000,10.0,10,3,Sangini
2188,4454,2,5400,1,Ready to Move,1,8,7500,40500000,6.0,12,5,Sangini
2189,4455,1,2200,1,Ready to Move,1,3,7300,16060000,6.0,12,4,Roongta
2190,4456,1,1513,1,Poss. by Dec '25,1,5,6051,9155163,7.0,11,3,Rajhans
2191,4457,2,4150,1,Ready to Move,1,3,7500,31125000,6.0,13,4,Sangini
2192,4458,1,3200,1,Ready to Move,1,8,6300,20160000,10.0,12,5,Avadh
2193,4459,2,4000,1,Poss. by Apr '25,1,3,7300,29200000,6.0,19,4,Roongta
2194,4460,2,3500,1,Poss. by Dec '25,1,7,6051,21178500,5.0,11,4,Rajhans
2195,4461,2,3047,1,Poss. by Aug '24,1,3,5931,18071757,7.0,12,4,Freedom
2196,4462,2,2493,1,Ready to Move,1,8,6811,16979823,5.0,12,3,"Ambience,"
2197,4463,2,7500,1,Poss. by Mar '25,1,3,8500,63750000,11.0,12,6,Roongta
2198,4464,1,3163,1,Poss. by Dec '25,1,5,7391,23377733,7.0,11,5,Rajhans
2199,4465,2,2550,1,Poss. by Jul '24,1,3,6000,15300000,6.0,13,3,The
2200,4466,2,4200,1,Ready to Move,1,3,7800,32760000,6.0,12,4,Sangini
2201,4467,1,4675,1,Poss. by Mar '25,1,3,8500,39737500,12.0,12,7,Roongta
2202,4468,1,2640,1,Poss. by Dec '25,1,7,7391,19512240,10.0,11,4,Rajhans
2203,4469,2,3400,1,Poss. by Jul '24,1,3,6000,20400000,5.0,13,4,The
2204,4470,2,8500,1,Poss. by Apr '25,1,3,8500,72250000,7.0,12,5,Avadh
2205,4471,1,1675,1,Poss. by Apr '25,1,3,5930,9932750,8.0,13,4,Freedom
2206,4472,1,2200,1,Poss. by Dec '25,1,5,8025,17655000,5.0,11,4,Sangini
2207,4473,2,5000,1,Ready to Move,1,3,8000,40000000,6.0,12,5,Sangini
2208,4474,2,3600,1,Poss. by Apr '25,1,3,5000,18000000,8.0,12,4,Avadh
2209,4475,2,5553,1,Ready to Move,1,3,7470,41480910,7.0,13,5,Green
2210,4476,1,3025,1,Poss. by Dec '25,1,7,8018,24254450,5.0,10,5,Sangini
2211,4477,2,4000,1,Ready to Move,1,3,8000,32000000,8.0,12,4,Sangini
2212,4478,2,9000,1,Poss. by Apr '25,1,8,8500,76500000,7.0,12,6,Avadh
2213,4479,1,2824,1,Poss. by Apr '25,1,3,6885,19443240,8.0,11,5,Shaligram
2214,4480,2,4000,1,Poss. by Dec '25,1,3,6500,26000000,5.0,11,4,Rajhans
2215,4481,2,6000,1,Ready to Move,3,3,8000,48000000,6.0,12,5,Sangini
2216,4482,2,3006,1,Poss. by Mar '25,1,8,6500,19539000,4.0,12,3,Rajhans
2217,4483,1,4730,1,Poss. by Sep '25,1,3,5000,23650000,10.0,11,6,The
2218,4484,2,3500,1,Poss. by Dec '24,1,5,7200,25200000,1.0,11,4,Rajhans
2219,4485,2,2881,1,Ready to Move,1,3,6100,17574100,6.0,14,4,Piramyd
2220,4486,2,3945,1,Poss. by Feb '25,1,8,6500,25642500,6.0,12,4,Rajhans
2221,4487,1,2282,1,Ready to Move,1,3,7791,17779062,6.0,18,4,Atlanta
2222,4488,2,6500,1,Poss. by Dec '25,1,3,8000,52000000,5.0,20,6,Rajhans
2223,4489,2,3200,1,Poss. by Dec '24,1,3,5500,17600000,7.0,10,4,Sangini
2224,4490,1,2000,1,Poss. by Aug '24,1,7,5500,11000000,6.0,12,4,Bblossom
2225,4491,1,1540,1,Ready to Move,1,5,6500,10010000,6.0,13,3,Avantis
2226,4492,2,2855,1,Poss. by Feb '26,1,3,5900,16844500,7.0,14,4,Veer
2227,4493,2,4580,1,Ready to Move,1,3,5500,25190000,6.0,12,4,Avantis
2228,4494,2,4100,1,Ready to Move,1,6,7000,28700000,1.0,18,4,Sangini
2229,4495,2,9000,1,Poss. by Apr '25,1,8,8500,76500000,7.0,12,6,Avadh
2230,4496,2,4000,1,Ready to Move,1,3,8512,34048000,6.0,12,4,Green
2231,4497,1,2970,1,Ready to Move,1,1,6944,20623680,5.0,18,4,Rajgreen
2232,4498,2,3000,1,Poss. by Jul '24,1,3,8500,25500000,7.0,13,3,KPM
2233,4499,1,2545,2,Ready to Move,1,7,6000,15270000,6.0,12,4,Milestone
2234,4500,2,5175,1,Poss. by Jul '24,1,3,8500,43987500,7.0,13,4,KPM
2235,4501,2,6500,1,Poss. by Dec '25,1,5,7200,46800000,7.0,11,4,Rajhans
2236,4502,2,9000,1,Poss. by Jul '24,1,3,8500,76500000,7.0,13,5,KPM
2237,4503,2,3800,1,Ready to Move,1,5,6800,25840000,1.0,20,4,Sangini
2238,4504,2,2855,1,Poss. by Jul '24,1,3,5800,16559000,5.0,13,4,Veer
2239,4505,1,3300,1,Ready to Move,1,5,6800,22440000,6.0,18,5,Rajgreen
2240,4506,2,3100,1,Poss. by Jul '25,1,8,6000,18600000,5.0,12,4,Universal
2241,4507,1,3135,1,Ready to Move,1,5,8200,25707000,5.0,11,4,D
2242,4508,2,4500,1,Poss. by Jul '24,1,3,5756,25902000,5.0,13,4,Veer
2243,4509,2,5000,1,Ready to Move,1,7,7000,35000000,5.0,18,5,Sangini
2244,4510,2,4378,1,Poss. by Jul '24,1,3,5756,25199768,8.0,13,5,Veer
2245,4511,2,7000,1,Ready to Move,1,3,8000,56000000,7.0,11,5,D
2246,4512,2,7150,1,Ready to Move,1,3,8503,60796450,11.0,12,5,Surya
2247,4513,2,4000,1,Ready to Move,1,3,8000,32000000,5.0,12,4,Sangini
2248,4514,2,3500,1,Poss. by Dec '26,1,3,6500,22750000,5.0,12,4,Millionaires
2249,4515,2,3000,1,Poss. by Nov '28,1,3,6200,18600000,5.0,12,4,Happy
2250,4516,2,2620,2,Ready to Move,1,3,6031,15801220,5.0,12,3,Samprati
2251,4517,2,3400,2,Ready to Move,1,2,6000,20400000,5.0,12,4,Samprati
